player_id,season,player_display_name,team,games_played,ppr_pg_weighted,ppr_total_weighted,ppr_pg_last,ppr_pg_2yr_ago,ppr_pg_3yr_ago,games_played_last,games_played_2yr_ago,career_seasons,age_at_season_start,team_pass_rate_last,team_pts_per_game_last,team_plays_per_game_last,team_changed_offseason,targets_pg_last,receptions_pg_last,rec_yds_pg_last,rec_tds_pg_last,target_share_last,air_yards_share_last,snap_pct_last,xfp_ppr_last,ppr_minus_xfp_last,fantasy_points_ppr,fantasy_points_half_ppr,fantasy_points_ppr_per_game,fantasy_points_half_ppr_per_game,receptions,projected_ppr,projected_half_ppr,naive_proj,xfp_proj
00-0024243,2024,Marcedes Lewis,CHI,5,2.9299999999999997,20.06,2.15,4.433333333333334,3.1,6.0,6.0,12.0,26.0,0.4937439846005775,20.048442906574394,61.11764705882353,0.0,0.8333333333333334,0.6666666666666666,4.833333333333333,0.16666666666666666,0.010615711252653927,0.0025869502730669733,0.28764705882352937,10.809999999999999,2.09,1.2,0.7,0.24,0.13999999999999999,1.0,32.491013,26.44334840774536,34.4,10.809999999999999
00-0030061,2024,Zach Ertz,WAS,20,8.931650793650794,84.28,7.385714285714286,11.56,10.322222222222223,7.0,10.0,11.0,26.0,0.5419921875,20.01038062283737,60.23529411764706,1.0,6.142857142857143,3.857142857142857,26.714285714285715,0.14285714285714285,0.07962962962962963,0.08419984783160031,0.6485714285714286,68.14,-16.439999999999998,216.9,174.9,10.845,8.745000000000001,84.0,69.46505,52.64195251464844,118.17142857142858,68.14
00-0030061,2025,Zach Ertz,WAS,13,9.878714285714286,157.20999999999998,10.845,7.385714285714286,11.56,20.0,7.0,12.0,26.0,0.5051383399209486,22.75294117647059,63.25,0.0,5.8,4.2,40.45,0.4,0.18985270049099837,0.187117903930131,0.674,216.75,0.15000000000000568,126.4,101.4,9.723076923076924,7.800000000000001,50.0,151.92122,122.96260452270508,173.52,216.75
00-0030506,2024,Travis Kelce,KC,19,17.316999999999997,334.918,16.073684210526313,19.65,17.777894736842107,19.0,20.0,10.0,26.0,0.5931818181818181,21.6218487394958,62.857142857142854,0.0,8.31578947368421,6.578947368421052,70.47368421052632,0.42105263157894735,0.2161422708618331,0.21761658031088082,0.7842105263157895,276.73,28.66999999999996,231.9,176.9,12.205263157894738,9.310526315789474,110.0,284.53903,228.5578384399414,257.178947368421,276.73
00-0030506,2025,Travis Kelce,KC,17,14.110263157894735,270.06,12.205263157894738,16.073684210526313,19.65,19.0,19.0,11.0,26.0,0.5696413678065054,19.9,59.95,0.0,7.947368421052632,5.7894736842105265,52.526315789473685,0.21052631578947367,0.23195084485407066,0.23478260869565218,0.8505263157894737,259.19,-27.289999999999992,193.2,155.2,11.36470588235294,9.129411764705882,76.0,108.739075,78.0301628112793,195.2842105263158,259.19
00-0031484,2024,Chris Manhertz,NYG,8,0.8395714285714286,7.13,0.5142857142857143,1.1333333333333333,1.9100000000000001,7.0,9.0,4.0,26.0,0.5360501567398119,18.570934256055363,56.294117647058826,1.0,0.5714285714285714,0.2857142857142857,2.2857142857142856,0.0,0.008438818565400843,0.003531489111241907,0.36375,7.4799999999999995,-3.8799999999999994,12.0,10.5,1.5,1.3125,3.0,7.1868877,5.0936455726623535,8.22857142857143,7.4799999999999995
00-0031484,2025,Chris Manhertz,NYG,4,1.1676190476190476,9.299999999999999,1.5,0.5142857142857143,1.1333333333333333,8.0,7.0,5.0,26.0,0.5828402366863905,18.318339100346023,59.64705882352941,0.0,0.5,0.375,3.75,0.125,0.007220216606498195,0.003878975950349108,0.30823529411764705,7.61,4.39,1.7000000000000002,1.2000000000000002,0.42500000000000004,0.30000000000000004,1.0,11.637197,9.632651805877686,24.0,7.61
00-0031585,2024,MyCole Pruitt,PIT,7,3.695,36.95,2.6,5.5,4.85,10.0,10.0,6.0,26.0,0.5038022813688213,20.53287197231834,61.88235294117647,1.0,1.2,0.9,11.0,0.1,0.023762376237623763,0.014797136038186158,0.35352941176470587,22.92,3.0799999999999983,16.0,13.0,2.2857142857142856,1.8571428571428572,6.0,50.358727,39.4383020401001,41.6,22.92
00-0032392,2024,Austin Hooper,NE,17,4.150490196078431,67.50999999999999,3.025,5.729411764705882,6.166666666666667,16.0,17.0,8.0,26.0,0.5742268041237113,18.02076124567474,57.05882352941177,1.0,1.9375,1.5625,14.625,0.0,0.0583804143126177,0.030856871587942085,0.5211764705882352,46.57,1.8299999999999983,108.60000000000001,86.10000000000001,6.3882352941176475,5.064705882352942,45.0,33.60538,25.014631271362305,48.4,46.57
00-0032392,2025,Austin Hooper,NE,16,5.313382352941177,89.42,6.3882352941176475,3.025,5.729411764705882,17.0,16.0,9.0,26.0,0.5436793422404933,18.356401384083046,57.23529411764706,0.0,3.4705882352941178,2.6470588235294117,28.0,0.17647058823529413,0.11847389558232932,0.10423980556305698,0.5252941176470588,93.23,15.370000000000005,64.7,52.7,4.04375,3.29375,24.0,34.29961,23.772812843322754,102.21176470588236,93.23
00-0033090,2024,Hunter Henry,NE,16,8.471971153846154,119.94,9.223076923076924,6.49375,9.9,13.0,16.0,5.0,26.0,0.573045267489712,17.366782006920417,57.1764705882353,0.0,4.6923076923076925,3.230769230769231,32.23076923076923,0.46153846153846156,0.11275415896487985,0.1345336334083521,0.7478571428571429,102.57,17.330000000000013,145.4,112.4,9.0875,7.025,66.0,66.804085,48.23517608642578,147.56923076923078,102.57
00-0033090,2025,Hunter Henry,NE,21,8.868798076923078,133.6,9.0875,9.223076923076924,6.49375,16.0,13.0,6.0,26.0,0.5436793422404933,18.356401384083046,57.23529411764706,0.0,6.0625,4.125,42.125,0.125,0.19477911646586346,0.18417499324871725,0.80625,150.4,-5.0,205.0,170.5,9.761904761904763,8.119047619047619,69.0,79.59358,61.30503273010254,145.4,150.4
00-0033110,2024,Tyler Higbee,LA,5,7.8493055555555555,127.44999999999999,6.78125,9.5,9.305555555555555,16.0,16.0,8.0,26.0,0.5561545372866128,22.15686274509804,61.833333333333336,0.0,4.4375,2.9375,30.9375,0.125,0.12054329371816638,0.08911739502999143,0.8525,116.77,-8.269999999999996,55.8,45.8,11.16,9.16,20.0,111.838135,88.82518196105957,108.5,116.77
00-0033110,2025,Tyler Higbee,LA,13,9.680375,81.22999999999999,11.16,6.78125,9.5,5.0,16.0,9.0,26.0,0.5609973285841496,20.41795665634675,59.10526315789474,0.0,5.4,4.0,35.6,0.6,0.044189852700491,0.017822632596091903,0.40599999999999997,48.78,7.019999999999996,83.5,69.0,6.423076923076923,5.3076923076923075,29.0,67.28368,55.898475646972656,178.56,48.78
00-0033217,2024,Mo Alie-Cox,IND,12,3.727521008403361,53.589999999999996,3.507142857142857,3.85,4.68235294117647,14.0,14.0,6.0,26.0,0.5451092117758785,20.557093425605537,61.94117647058823,0.0,1.5714285714285714,0.9285714285714286,11.5,0.21428571428571427,0.040293040293040296,0.054093567251461985,0.3870588235294118,42.68,6.420000000000002,32.7,26.700000000000003,2.725,2.225,12.0,53.234745,44.51760387420654,56.114285714285714,42.68
00-0033217,2025,Mo Alie-Cox,IND,11,3.072142857142857,39.74,2.725,3.507142857142857,3.85,12.0,14.0,7.0,26.0,0.5084241823587711,20.51903114186851,59.35294117647059,0.0,1.8333333333333333,1.0,12.25,0.08333333333333333,0.044715447154471545,0.04043694902261403,0.43823529411764706,42.66,-9.959999999999994,30.7,24.2,2.790909090909091,2.1999999999999997,13.0,34.37581,25.944915771484375,43.6,42.66
00-0033246,2024,Johnny Mundt,MIN,15,3.660952380952382,40.53333333333334,4.0200000000000005,2.942857142857143,0.0,10.0,14.0,2.0,26.0,0.6168132942326491,21.612456747404845,60.1764705882353,0.0,2.3,1.7,17.2,0.1,0.038525963149078725,0.02373022481265612,0.2064705882352941,35.01,5.190000000000005,50.0,39.5,3.3333333333333335,2.6333333333333333,21.0,26.392424,20.507988929748535,64.32000000000001,35.01
00-0033246,2025,Johnny Mundt,JAX,12,3.5002857142857144,46.18,3.3333333333333335,4.0200000000000005,2.942857142857143,15.0,10.0,3.0,26.0,0.5521126760563381,21.486928104575163,59.166666666666664,1.0,2.0,1.4,11.333333333333334,0.13333333333333333,0.05454545454545454,0.025740551583248214,0.3927777777777778,53.72,-3.719999999999999,20.1,15.600000000000001,1.675,1.3,9.0,52.072113,42.666441917419434,53.333333333333336,53.72
00-0033288,2024,George Kittle,SF,15,12.339004127966977,228.01,12.021052631578948,12.738888888888889,13.047058823529412,19.0,18.0,7.0,26.0,0.5084745762711864,23.9,59.0,0.0,5.421052631578948,3.8421052631578947,59.578947368421055,0.3684210526315789,0.18659420289855072,0.2171066986689941,0.9,184.34,44.06,236.6,197.6,15.773333333333333,13.173333333333334,78.0,220.54478,181.71600723266602,192.33684210526317,184.34
00-0033288,2025,George Kittle,SF,12,14.344204678362573,233.40999999999997,15.773333333333333,12.021052631578948,12.738888888888889,15.0,19.0,8.0,26.0,0.5411167512690356,22.70242214532872,57.94117647058823,0.0,6.266666666666667,5.2,73.73333333333333,0.5333333333333333,0.1950207468879668,0.18925952211970665,0.866,177.77,58.829999999999984,163.1,134.1,13.591666666666667,11.174999999999999,58.0,231.29102,195.6551170349121,252.37333333333333,177.77
00-0033357,2024,Taysom Hill,NO,8,9.130083333333333,142.024,8.97,9.112499999999999,10.143333333333333,16.0,16.0,6.0,26.0,0.5580110497237569,20.647058823529413,63.88235294117647,0.0,2.5,2.0625,18.1875,0.125,0.0690846286701209,0.043137254901960784,0.375625,158.38,-14.859999999999985,102.34,90.84,12.7925,11.355,23.0,98.250244,81.48678588867188,143.52,158.38
00-0033357,2025,Taysom Hill,NO,13,11.27775,119.03999999999999,12.7925,8.97,9.112499999999999,8.0,16.0,7.0,26.0,0.5543259557344065,19.629757785467127,58.470588235294116,0.0,3.875,2.875,23.375,0.0,0.059961315280464215,0.025763358778625955,0.425,79.85,22.49000000000001,41.78,36.28,3.213846153846154,2.790769230769231,11.0,121.134,103.05827522277832,204.68,79.85
00-0033439,2024,Pharaoh Brown,SEA,10,3.2436451048951045,33.599999999999994,3.436363636363636,2.9625,2.930769230769231,11.0,8.0,5.0,26.0,0.573045267489712,17.366782006920417,57.1764705882353,1.0,1.3636363636363635,1.1818181818181819,18.90909090909091,0.09090909090909091,0.027726432532347505,0.026006501625406353,0.39235294117647057,22.08,15.719999999999999,12.5,8.5,1.25,0.85,8.0,59.507214,49.372535705566406,54.98181818181818,22.08
00-0033439,2025,Pharaoh Brown,ARI,5,2.077159090909091,21.209999999999997,1.25,3.436363636363636,2.9625,10.0,11.0,6.0,26.0,0.6082051282051282,20.775086505190313,57.35294117647059,1.0,1.2,0.8,6.5,0.0,0.0210896309314587,0.012623762376237625,0.27799999999999997,19.86,-7.359999999999999,2.1,1.1,0.42000000000000004,0.22000000000000003,2.0,24.825377,19.46619176864624,20.0,19.86
00-0033576,2025,Eric Saubert,SEA,10,2.272448979591837,28.000000000000004,2.225,0.0,2.557142857142857,12.0,0.0,1.0,26.0,0.5411167512690356,22.70242214532872,57.94117647058823,1.0,1.1666666666666667,0.9166666666666666,8.083333333333334,0.08333333333333333,0.029045643153526972,0.02223799384906553,0.3382352941176471,26.689999999999998,0.010000000000001563,9.1,7.1,0.9099999999999999,0.71,4.0,40.875103,34.103004932403564,35.6,26.689999999999998
00-0033858,2024,Jonnu Smith,MIA,17,6.104779411764705,96.86,7.305882352941176,4.333333333333333,4.2125,17.0,12.0,7.0,26.0,0.5038022813688213,20.53287197231834,61.88235294117647,1.0,4.117647058823529,2.9411764705882355,34.23529411764706,0.17647058823529413,0.13861386138613863,0.10930787589498807,0.5735294117647058,121.57000000000001,2.6299999999999955,222.3,178.3,13.076470588235296,10.488235294117647,88.0,117.25321,94.78223991394043,116.89411764705882,121.57000000000001
00-0033858,2025,Jonnu Smith,PIT,18,10.470980392156862,175.84,13.076470588235296,7.305882352941176,4.333333333333333,17.0,17.0,8.0,26.0,0.5749027237354085,20.11764705882353,60.470588235294116,1.0,6.529411764705882,5.176470588235294,52.0,0.47058823529411764,0.19964028776978418,0.15076495132127957,0.5488235294117647,186.74,35.56,87.10000000000001,67.10000000000001,4.8388888888888895,3.7277777777777783,40.0,185.8922,149.0677947998047,209.22352941176473,186.74
00-0033881,2024,Evan Engram,JAX,9,12.084726522187822,210.62,13.547058823529412,10.910526315789474,6.833333333333333,17.0,19.0,7.0,26.0,0.5774253731343284,20.79584775086505,63.05882352941177,0.0,8.411764705882353,6.705882352941177,56.64705882352941,0.23529411764705882,0.2355848434925865,0.14597349643221202,0.786470588235294,221.17,9.130000000000024,89.5,66.0,9.944444444444445,7.333333333333333,47.0,176.41391,135.06719207763672,216.75294117647059,221.17
00-0033881,2025,Evan Engram,DEN,18,11.121836945304437,143.52,9.944444444444445,13.547058823529412,10.910526315789474,9.0,17.0,8.0,26.0,0.56875,18.844290657439448,56.470588235294116,1.0,7.111111111111111,5.222222222222222,40.55555555555556,0.1111111111111111,0.12260536398467432,0.08080808080808081,0.7200000000000001,99.52,-10.019999999999996,108.4,81.9,6.022222222222222,4.550000000000001,53.0,117.42104,90.3327579498291,159.11111111111111,99.52
00-0033885,2024,David Njoku,CLE,11,11.43666106442577,183.86,12.794117647058824,10.142857142857142,7.173333333333334,17.0,14.0,4.0,26.0,0.554635761589404,20.88562091503268,67.11111111111111,0.0,7.882352941176471,5.176470588235294,57.35294117647059,0.35294117647058826,0.209375,0.13115060804490178,0.8105882352941176,210.84,6.659999999999997,148.5,116.5,13.5,10.590909090909092,64.0,170.32773,130.00234603881836,204.7058823529412,210.84
00-0033885,2025,David Njoku,CLE,11,12.95252100840336,168.54999999999998,13.5,12.794117647058824,10.142857142857142,11.0,17.0,5.0,26.0,0.6283269961977186,18.986159169550174,61.88235294117647,0.0,8.818181818181818,5.818181818181818,45.90909090909091,0.45454545454545453,0.1529968454258675,0.10195921631347461,0.7490909090909091,156.82,-8.319999999999993,86.3,69.8,7.845454545454545,6.345454545454545,33.0,108.09417,86.6501579284668,216.0,156.82
00-0033895,2024,Gerald Everett,CHI,10,8.274333333333333,127.16,7.406666666666667,10.15,7.8533333333333335,15.0,16.0,7.0,26.0,0.5951035781544256,20.602076124567475,62.470588235294116,1.0,4.666666666666667,3.4,27.4,0.2,0.11400651465798045,0.061384414453635176,0.5660000000000001,118.29,-7.189999999999998,11.6,7.6,1.16,0.76,8.0,105.08967,83.47207069396973,118.50666666666667,118.29
00-0034073,2025,Ross Dwelley,DET,4,0.8785714285714287,4.071428571428572,0.375,0.0,3.9,4.0,0.0,1.0,26.0,0.530360531309298,22.498269896193772,62.0,1.0,0.25,0.25,1.25,0.0,0.0018552875695732839,0.0002253267237494367,0.0988235294117647,1.29,0.20999999999999996,2.7,1.7000000000000002,0.675,0.42500000000000004,2.0,15.7689,14.316585540771484,6.0,1.29
00-0034159,2024,Will Dissly,LAC,16,3.978769230769231,55.2,3.0923076923076924,5.793333333333334,3.853846153846154,13.0,15.0,6.0,26.0,0.6008359456635318,19.885813148788927,56.294117647058826,1.0,1.6923076923076923,1.3076923076923077,13.23076923076923,0.07692307692307693,0.04021937842778794,0.015392254220456803,0.384375,34.24,5.960000000000001,113.7,87.7,7.10625,5.48125,52.0,32.91498,26.081488132476807,49.47692307692308,34.24
00-0034159,2025,Will Dissly,LAC,8,5.770775641025641,88.97,7.10625,3.0923076923076924,5.793333333333334,16.0,13.0,7.0,26.0,0.5298726738491675,19.84313725490196,56.72222222222222,0.0,4.3125,3.25,31.0625,0.125,0.13320463320463322,0.07074652777777778,0.573125,108.34,5.359999999999999,20.700000000000003,15.200000000000003,2.5875000000000004,1.9000000000000004,11.0,81.99109,64.703857421875,113.7,108.34
00-0034270,2024,Tyler Conklin,NYJ,16,7.478823529411764,127.14,7.241176470588235,7.735294117647059,8.13529411764706,17.0,17.0,6.0,26.0,0.6085192697768763,17.29757785467128,58.0,0.0,5.117647058823529,3.588235294117647,36.529411764705884,0.0,0.15480427046263345,0.15724101479915434,0.7023529411764705,125.78,-2.680000000000007,121.9,96.4,7.61875,6.025,51.0,109.50668,88.34994125366211,115.85882352941177,125.78
00-0034270,2025,Tyler Conklin,LAC,6,7.517132352941177,123.22,7.61875,7.241176470588235,7.735294117647059,16.0,17.0,7.0,26.0,0.6264189886480909,19.224913494809687,57.0,1.0,4.5,3.1875,28.0625,0.25,0.12224108658743633,0.09031281533804238,0.800625,123.88,-1.9799999999999898,17.3,13.8,2.8833333333333333,2.3000000000000003,7.0,114.626724,94.08495712280273,121.9,123.88
00-0034351,2024,Dallas Goedert,PHI,14,10.608250000000002,160.25,9.893333333333334,11.82,11.262500000000001,15.0,15.0,6.0,26.0,0.5320855614973262,21.310457516339866,62.333333333333336,0.0,5.933333333333334,4.2,40.86666666666667,0.26666666666666666,0.15978456014362658,0.10240067983853834,0.8426666666666667,145.44,2.960000000000008,149.4,119.9,10.671428571428573,8.564285714285715,59.0,136.31416,108.32393836975098,158.29333333333335,145.44
00-0034351,2025,Dallas Goedert,PHI,16,10.552857142857144,151.89000000000001,10.671428571428573,9.893333333333334,11.82,14.0,15.0,7.0,26.0,0.4122137404580153,22.714285714285715,62.38095238095238,0.0,5.142857142857143,4.214285714285714,50.785714285714285,0.21428571428571427,0.14314115308151093,0.11801082195310487,0.7164285714285714,125.17,24.230000000000004,204.5,172.5,12.78125,10.78125,64.0,177.97427,143.93963623046875,170.74285714285716,125.17
00-0034364,2024,Jordan Akins,CLE,16,3.9790384615384613,56.03999999999999,2.169230769230769,7.766666666666667,3.475,13.0,15.0,6.0,26.0,0.554635761589404,20.88562091503268,67.11111111111111,0.0,1.7692307692307692,1.1538461538461537,10.153846153846153,0.0,0.0359375,0.02039289055191768,0.19722222222222224,31.04,-2.84,91.0,71.0,5.6875,4.4375,40.0,38.44947,28.283069610595703,34.707692307692305,31.04
00-0034383,2024,Dalton Schultz,HOU,19,10.528921568627451,180.24,10.029411764705882,10.876470588235295,12.483333333333334,17.0,17.0,6.0,26.0,0.5746003552397868,21.105263157894736,59.26315789473684,0.0,5.705882352941177,3.823529411764706,42.05882352941177,0.35294117647058826,0.1567043618739903,0.14664213431462741,0.7364705882352941,167.04,3.460000000000008,132.8,103.30000000000001,6.989473684210527,5.436842105263159,59.0,149.46277,120.15324783325195,160.47058823529412,167.04
00-0034383,2025,Dalton Schultz,HOU,19,8.290154798761609,149.32,6.989473684210527,10.029411764705882,10.876470588235295,19.0,17.0,7.0,26.0,0.5593971631205674,20.758513931888547,59.36842105263158,0.0,4.894736842105263,3.1052631578947367,32.526315789473685,0.10526315789473684,0.15321252059308071,0.1554,0.7789473684210527,148.54,-15.73999999999998,188.60000000000002,145.10000000000002,9.926315789473685,7.636842105263159,87.0,105.33547,80.79958915710449,111.83157894736843,148.54
00-0034613,2024,Tanner Hudson,CIN,9,5.744444444444445,61.2,6.683333333333334,3.866666666666667,0.0,12.0,6.0,2.0,26.0,0.6162324649298597,20.013840830449826,58.705882352941174,0.0,4.166666666666667,3.25,29.333333333333332,0.08333333333333333,0.08445945945945946,0.07200214132762313,0.355,73.26,6.939999999999998,38.5,29.0,4.277777777777778,3.2222222222222223,19.0,64.08052,53.02753448486328,106.93333333333334,73.26
00-0034613,2025,Tanner Hudson,CIN,10,4.958333333333333,49.48,4.277777777777778,6.683333333333334,3.866666666666667,9.0,12.0,3.0,26.0,0.6317829457364341,22.463667820069205,60.705882352941174,0.0,2.5555555555555554,2.111111111111111,17.11111111111111,0.1111111111111111,0.03668261562998405,0.021667035153659076,0.15727272727272726,39.93,-1.4299999999999997,47.8,38.3,4.779999999999999,3.8299999999999996,19.0,53.84895,43.5208740234375,68.44444444444444,39.93
00-0034753,2024,Mark Andrews,BAL,19,13.150040106951872,174.29000000000002,12.627272727272727,12.675,17.711764705882356,11.0,16.0,6.0,26.0,0.4800347222222222,22.526315789473685,60.63157894736842,0.0,5.7272727272727275,4.2727272727272725,50.81818181818182,0.5454545454545454,0.12022900763358779,0.10114840989399293,0.6627272727272727,119.88000000000001,19.019999999999996,203.4,172.4,10.705263157894738,9.073684210526316,62.0,174.08109,143.3494930267334,202.03636363636363,119.88000000000001
00-0034753,2025,Mark Andrews,BAL,17,11.47883971291866,183.99,10.705263157894738,12.627272727272727,12.675,19.0,11.0,7.0,26.0,0.4520311149524633,25.640866873065015,60.89473684210526,0.0,4.157894736842105,3.263157894736842,40.05263157894737,0.5789473684210527,0.1592741935483871,0.18325434439178515,0.6152631578947368,157.68,45.72,131.0,107.0,7.705882352941177,6.294117647058823,48.0,153.62225,128.35885620117188,171.2842105263158,157.68
00-0034798,2024,Durham Smythe,MIA,14,4.6075,65.38,5.414285714285714,3.0714285714285716,4.375,14.0,14.0,6.0,26.0,0.5617455896007428,23.794117647058826,59.833333333333336,0.0,3.357142857142857,2.7142857142857144,27.0,0.0,0.08231173380035026,0.06443071491615181,0.7776470588235295,79.33,-3.530000000000001,14.3,9.8,1.0214285714285716,0.7000000000000001,9.0,44.521698,33.63027572631836,86.62857142857142,79.33
00-0034798,2025,Durham Smythe,CHI,9,2.544285714285714,35.62,1.0214285714285716,5.414285714285714,3.0714285714285716,14.0,14.0,7.0,26.0,0.5749027237354085,20.11764705882353,60.470588235294116,1.0,1.2142857142857142,0.6428571428571429,3.7857142857142856,0.0,0.030575539568345324,0.026147426981919332,0.32235294117647056,28.79,-14.489999999999998,9.6,6.6,1.0666666666666667,0.7333333333333333,6.0,25.83508,18.792154788970947,16.342857142857145,28.79
00-0034829,2024,Mike Gesicki,CIN,16,5.381588235294117,88.05000000000001,4.36,5.983333333333333,9.705882352941176,15.0,18.0,6.0,26.0,0.573045267489712,17.366782006920417,57.1764705882353,1.0,3.0,1.9333333333333333,16.266666666666666,0.13333333333333333,0.08317929759704251,0.09577394348587147,0.5029411764705882,71.1,-5.699999999999989,141.5,109.0,8.84375,6.8125,65.0,41.79431,32.216299057006836,69.76,71.1
00-0034829,2025,Mike Gesicki,CIN,12,7.212583333333333,115.28999999999999,8.84375,4.36,5.983333333333333,16.0,15.0,7.0,26.0,0.6317829457364341,22.463667820069205,60.705882352941174,0.0,5.1875,4.0625,41.5625,0.125,0.13237639553429026,0.13597170019898297,0.4476470588235294,144.13,-2.6299999999999955,70.7,56.7,5.891666666666667,4.7250000000000005,28.0,82.92842,63.38259315490723,141.5,144.13
00-0034830,2024,Hayden Hurst,LAC,7,5.920208333333333,72.8,4.711111111111111,8.53125,5.341666666666666,9.0,16.0,6.0,26.0,0.5685131195335277,17.363321799307958,60.529411764705884,1.0,3.5555555555555554,2.0,20.444444444444443,0.1111111111111111,0.0599250936329588,0.05945945945945946,0.5066666666666667,50.14,-7.740000000000002,15.3,11.3,2.185714285714286,1.6142857142857143,8.0,54.41485,39.34781551361084,75.37777777777778,50.14
00-0034981,2024,Foster Moreau,NO,16,4.5386195054945055,62.47,3.5615384615384618,6.228571428571429,5.33125,13.0,14.0,5.0,26.0,0.5580110497237569,20.647058823529413,63.88235294117647,0.0,1.9230769230769231,1.6153846153846154,14.846153846153847,0.07692307692307693,0.04317789291882556,0.02518059855521156,0.5359999999999999,41.68,4.6200000000000045,103.3,87.3,6.45625,5.45625,32.0,42.413296,34.79415845870972,56.98461538461539,41.68
00-0034981,2025,Foster Moreau,NO,7,5.565068681318682,84.59,6.45625,3.5615384615384618,6.228571428571429,16.0,13.0,6.0,26.0,0.5543259557344065,19.629757785467127,58.470588235294116,0.0,2.6875,2.0,25.8125,0.3125,0.08317214700193423,0.09470419847328244,0.6911764705882353,87.89,15.409999999999997,12.9,9.4,1.842857142857143,1.342857142857143,7.0,45.173466,31.966957092285156,103.3,87.89
00-0035229,2024,T.J. Hockenson,MIN,11,13.975833333333334,218.02,14.6,13.350000000000001,12.108333333333334,15.0,18.0,5.0,26.0,0.6168132942326491,21.612456747404845,60.1764705882353,0.0,8.466666666666667,6.333333333333333,64.0,0.3333333333333333,0.21273031825795644,0.2031640299750208,0.7906666666666666,214.46,4.539999999999992,103.89999999999999,80.89999999999999,9.445454545454545,7.354545454545454,46.0,166.2231,126.09004974365234,233.6,214.46
00-0035229,2025,T.J. Hockenson,MIN,15,11.382272727272728,152.07,9.445454545454545,14.6,13.350000000000001,11.0,15.0,6.0,26.0,0.5521126760563381,21.486928104575163,59.166666666666664,0.0,6.090909090909091,4.181818181818182,47.18181818181818,0.09090909090909091,0.12181818181818181,0.11297242083758938,0.6127272727272728,114.94,-11.040000000000006,112.8,87.3,7.52,5.819999999999999,51.0,153.16957,125.77400398254395,151.12727272727273,114.94
00-0035249,2024,Josh Oliver,MIN,13,3.6518181818181823,47.19,4.1000000000000005,3.5,1.4181818181818182,13.0,13.0,3.0,26.0,0.6168132942326491,21.612456747404845,60.1764705882353,0.0,2.1538461538461537,1.6923076923076923,16.384615384615383,0.15384615384615385,0.04690117252931323,0.01498751040799334,0.4158823529411765,47.43,5.8700000000000045,67.3,55.8,5.176923076923076,4.292307692307692,23.0,41.226578,30.98118782043457,65.60000000000001,47.43
00-0035249,2025,Josh Oliver,MIN,12,4.686153846153846,60.919999999999995,5.176923076923076,4.1000000000000005,3.5,13.0,13.0,4.0,26.0,0.5521126760563381,21.486928104575163,59.166666666666664,0.0,2.230769230769231,1.7692307692307692,20.23076923076923,0.23076923076923078,0.05272727272727273,0.04412665985699694,0.53625,55.46,11.839999999999996,55.0,47.5,4.583333333333333,3.9583333333333335,15.0,51.54801,42.15133285522461,82.83076923076922,55.46
00-0035631,2024,Drew Sample,CIN,11,3.3458256029684597,46.042857142857144,3.5928571428571425,0.0,1.8636363636363635,14.0,0.0,1.0,26.0,0.6162324649298597,20.013840830449826,58.705882352941174,0.0,1.9285714285714286,1.5714285714285714,11.642857142857142,0.14285714285714285,0.04560810810810811,0.007762312633832976,0.4511764705882353,39.42,10.879999999999995,36.5,26.5,3.3181818181818183,2.409090909090909,20.0,59.372448,47.876912117004395,57.48571428571428,39.42
00-0035631,2025,Drew Sample,CIN,12,3.4097402597402597,41.1,3.3181818181818183,3.5928571428571425,0.0,11.0,14.0,2.0,26.0,0.6317829457364341,22.463667820069205,60.705882352941174,0.0,2.0,1.8181818181818181,9.909090909090908,0.09090909090909091,0.03508771929824561,0.007517134645147026,0.571764705882353,37.09,-0.5900000000000034,31.9,24.4,2.658333333333333,2.033333333333333,15.0,36.256706,26.39652442932129,53.09090909090909,37.09
00-0035644,2024,Noah Fant,SEA,14,6.008083333333333,97.35,4.8933333333333335,6.927777777777778,9.9375,15.0,18.0,5.0,26.0,0.6008359456635318,19.885813148788927,56.294117647058826,0.0,2.8666666666666667,2.1333333333333333,27.6,0.0,0.07861060329067641,0.07398212512413108,0.5417647058823529,67.88,5.52000000000001,104.0,80.0,7.428571428571429,5.714285714285714,48.0,92.299385,75.25236320495605,78.29333333333334,67.88
00-0035644,2025,Noah Fant,CIN,13,6.617920634920635,96.89,7.428571428571429,4.8933333333333335,6.927777777777778,14.0,15.0,6.0,26.0,0.6082051282051282,20.775086505190313,57.35294117647059,1.0,4.571428571428571,3.4285714285714284,35.714285714285715,0.07142857142857142,0.11247803163444639,0.08391089108910892,0.6328571428571428,99.48,4.519999999999996,74.8,57.8,5.753846153846154,4.446153846153846,34.0,97.65527,78.04285430908203,118.85714285714286,99.48
00-0035689,2024,Dawson Knox,BUF,17,7.121470588235294,105.08999999999999,5.325,9.305882352941175,11.347058823529412,12.0,17.0,5.0,26.0,0.525974025974026,22.495356037151705,64.84210526315789,0.0,3.25,2.0,16.583333333333332,0.25,0.06382978723404255,0.05308521057786484,0.5721428571428572,77.5,-13.600000000000001,67.6,54.599999999999994,3.9764705882352938,3.2117647058823526,26.0,86.99221,68.15046310424805,85.2,77.5
00-0035689,2025,Dawson Knox,BUF,18,4.913970588235294,75.55,3.9764705882352938,5.325,9.305882352941175,17.0,12.0,6.0,26.0,0.5008319467554077,21.47352941176471,60.1,0.0,2.2941176470588234,1.5294117647058822,20.941176470588236,0.058823529411764705,0.06818181818181818,0.08136094674556213,0.5994736842105264,73.32,-5.719999999999999,115.9,94.9,6.438888888888889,5.272222222222222,42.0,51.72386,39.159000396728516,63.6235294117647,73.32
00-0036040,2024,Juwan Johnson,NO,15,7.448269230769231,104.41,7.523076923076923,8.425,4.06923076923077,13.0,16.0,4.0,26.0,0.5580110497237569,20.647058823529413,63.88235294117647,0.0,4.538461538461538,2.8461538461538463,28.307692307692307,0.3076923076923077,0.10189982728842832,0.09164086687306501,0.6476923076923077,101.26,-3.460000000000008,122.8,97.8,8.186666666666666,6.52,50.0,85.5955,66.1013412475586,120.36923076923077,101.26
00-0036040,2025,Juwan Johnson,NO,17,8.011423076923077,116.49999999999999,8.186666666666666,7.523076923076923,8.425,15.0,13.0,5.0,26.0,0.5543259557344065,19.629757785467127,58.470588235294116,0.0,4.4,3.3333333333333335,36.53333333333333,0.2,0.1276595744680851,0.13048664122137404,0.6417647058823529,110.96000000000001,11.83999999999999,179.9,141.4,10.58235294117647,8.31764705882353,77.0,109.75113,88.71263885498047,130.98666666666665,110.96000000000001
00-0036232,2024,Harrison Bryant,LV,6,3.6734761904761903,53.78,3.2266666666666666,4.4071428571428575,4.153333333333333,15.0,14.0,4.0,26.0,0.554635761589404,20.88562091503268,67.11111111111111,1.0,1.7333333333333334,1.1333333333333333,9.733333333333333,0.2,0.040625,0.023760523854069224,0.335,48.55,-0.14999999999999858,17.6,13.100000000000001,2.9333333333333336,2.1833333333333336,9.0,61.03105,50.94192600250244,51.626666666666665,48.55
00-0036232,2025,Harrison Bryant,HOU,6,3.1687142857142856,31.25,2.9333333333333336,3.2266666666666666,4.4071428571428575,6.0,15.0,5.0,26.0,0.6252465483234714,18.823529411764707,59.64705882352941,1.0,2.0,1.5,14.333333333333334,0.0,0.02030456852791878,0.01000243961941937,0.25461538461538463,15.360000000000001,2.24,7.8,5.3,1.3,0.8833333333333333,5.0,47.568516,42.691901206970215,46.93333333333334,15.360000000000001
00-0036244,2024,Colby Parkinson,LA,18,4.106,59.93000000000001,4.113333333333333,4.906666666666667,1.6600000000000001,15.0,15.0,3.0,26.0,0.6008359456635318,19.885813148788927,56.294117647058826,1.0,2.2666666666666666,1.6666666666666667,16.466666666666665,0.13333333333333333,0.062157221206581355,0.054121151936444886,0.4735294117647059,59.61,2.0900000000000034,77.6,60.599999999999994,4.311111111111111,3.3666666666666663,34.0,32.012398,25.464393615722656,65.81333333333333,59.61
00-0036244,2025,Colby Parkinson,LA,17,4.311333333333333,72.42999999999999,4.311111111111111,4.113333333333333,4.906666666666667,18.0,15.0,4.0,26.0,0.5609973285841496,20.41795665634675,59.10526315789474,0.0,2.9444444444444446,1.8888888888888888,17.555555555555557,0.1111111111111111,0.0867430441898527,0.059480352158041656,0.5268421052631579,93.33,-15.730000000000004,159.0,133.5,9.352941176470589,7.852941176470588,51.0,61.038906,48.80045127868652,68.97777777777777,93.33
00-0036290,2024,Cole Kmet,CHI,16,10.10360294117647,164.97,11.31875,8.66470588235294,7.129411764705883,16.0,17.0,4.0,26.0,0.4937439846005775,20.048442906574394,61.11764705882353,0.0,5.625,4.5625,44.9375,0.375,0.1910828025477707,0.16010347801092267,0.7705882352941176,149.11,31.98999999999998,120.4,96.9,7.525,6.05625,47.0,147.46677,114.36995315551758,181.1,149.11
00-0036290,2025,Cole Kmet,CHI,18,8.777095588235294,141.29999999999998,7.525,11.31875,8.66470588235294,16.0,16.0,5.0,26.0,0.567703109327984,18.290657439446367,58.64705882352941,0.0,3.4375,2.9375,29.625,0.25,0.10456273764258556,0.09431245500359971,0.8723529411764706,92.93,27.47,90.9,74.4,5.050000000000001,4.133333333333334,33.0,99.023964,78.78681182861328,120.4,92.93
00-0036332,2024,Josiah Deguara,JAX,7,2.0933333333333333,22.169999999999998,1.45,2.711111111111111,4.1,10.0,9.0,3.0,26.0,0.5608465608465608,21.139318885448915,59.68421052631579,1.0,0.8,0.8,6.5,0.0,0.013605442176870748,0.005323505323505323,0.20176470588235296,11.44,3.0600000000000005,4.4,2.9000000000000004,0.6285714285714287,0.4142857142857143,3.0,16.985533,14.205546140670776,23.2,11.44
00-0036332,2025,Josiah Deguara,ARI,7,1.0832539682539681,9.43,0.6285714285714287,1.45,2.711111111111111,7.0,10.0,4.0,26.0,0.56875,18.844290657439448,56.470588235294116,1.0,0.42857142857142855,0.42857142857142855,2.0,0.0,0.005747126436781609,0.0004489337822671156,0.08666666666666667,4.76,-0.35999999999999943,11.1,9.6,1.5857142857142856,1.3714285714285714,3.0,13.897256,12.26294231414795,10.057142857142859,4.76
00-0036422,2024,Adam Trautman,DEN,14,3.9579545454545455,55.980000000000004,3.7750000000000004,3.725,5.754545454545454,16.0,12.0,4.0,26.0,0.5360501567398119,18.570934256055363,56.294117647058826,0.0,2.1875,1.375,12.75,0.1875,0.07383966244725738,0.06650971159505592,0.708235294117647,66.45,-6.049999999999997,45.0,38.0,3.2142857142857144,2.7142857142857144,14.0,37.187397,29.998945713043213,60.400000000000006,66.45
00-0036422,2025,Adam Trautman,DEN,14,3.4335714285714287,49.59,3.2142857142857144,3.7750000000000004,3.725,14.0,16.0,5.0,26.0,0.556497175141243,19.372549019607842,59.0,0.0,1.6428571428571428,1.0,13.571428571428571,0.14285714285714285,0.04092526690391459,0.02935058932285648,0.5,39.68,5.32,45.5,35.5,3.25,2.5357142857142856,20.0,35.72847,28.88107919692993,51.42857142857143,39.68
00-0036429,2024,Charlie Woerner,ATL,12,0.42333333333333334,4.74,0.5166666666666667,0.0,1.1333333333333335,12.0,7.0,4.0,26.0,0.5084745762711864,23.9,59.0,1.0,0.25,0.25,2.6666666666666665,0.0,0.005434782608695652,0.0026183722452542005,0.276,3.84,2.3600000000000003,11.6,8.1,0.9666666666666667,0.6749999999999999,7.0,31.641287,25.984819412231445,8.266666666666667,3.84
00-0036429,2025,Charlie Woerner,ATL,7,0.735,8.82,0.9666666666666667,0.5166666666666667,0.0,12.0,12.0,5.0,26.0,0.530360531309298,22.498269896193772,62.0,0.0,1.0,0.5833333333333334,3.8333333333333335,0.0,0.022263450834879406,0.007886435331230283,0.424375,17.91,-6.3100000000000005,12.8,8.8,1.8285714285714287,1.2571428571428573,8.0,25.048557,21.602460384368896,15.466666666666667,17.91
00-0036590,2025,Quintin Morris,JAX,11,1.5657142857142858,15.971428571428572,1.4600000000000002,0.0,2.1999999999999997,10.0,0.0,1.0,26.0,0.5008319467554077,21.47352941176471,60.1,1.0,0.8,0.5,3.6,0.1,0.013986013986013986,0.015638207945900255,0.1794736842105263,15.17,-0.5699999999999985,17.5,14.5,1.5909090909090908,1.3181818181818181,6.0,4.755983,3.1615926027297974,23.360000000000003,15.17
00-0036628,2024,John Bates,WAS,16,2.8148333333333335,34.79,2.2733333333333334,3.4222222222222225,4.241666666666666,15.0,9.0,3.0,26.0,0.6398390342052314,19.951557093425606,58.470588235294116,0.0,1.8666666666666667,1.2666666666666666,10.066666666666666,0.0,0.04658901830282862,0.04017447199265381,0.4547058823529412,46.59,-12.490000000000002,20.5,15.0,1.28125,0.9375,11.0,55.18259,44.448713302612305,36.373333333333335,46.59
00-0036628,2025,John Bates,WAS,10,1.7929722222222222,25.61,1.28125,2.2733333333333334,3.4222222222222225,16.0,15.0,4.0,26.0,0.5051383399209486,22.75294117647059,63.25,0.0,1.125,0.6875,7.1875,0.0,0.029459901800327332,0.01943231441048035,0.4365,33.99,-13.490000000000002,27.3,21.8,2.73,2.18,11.0,40.6644,33.54903507232666,20.5,33.99
00-0036637,2024,Noah Gray,KC,18,3.9287222222222216,76.13,4.26,3.835,2.2222222222222223,20.0,20.0,3.0,26.0,0.5931818181818181,21.6218487394958,62.857142857142854,0.0,2.6,1.8,18.55,0.1,0.07113543091655267,0.0710880829015544,0.529047619047619,81.86,3.3400000000000034,118.8,96.8,6.6,5.377777777777777,44.0,44.024647,33.738959312438965,68.16,81.86
00-0036637,2025,Noah Gray,KC,14,5.621499999999999,104.51,6.6,4.26,3.835,18.0,20.0,4.0,26.0,0.5696413678065054,19.9,59.95,0.0,2.9444444444444446,2.4444444444444446,25.11111111111111,0.2777777777777778,0.08141321044546851,0.07520564042303172,0.5455,93.07000000000001,25.72999999999999,38.800000000000004,28.300000000000004,2.771428571428572,2.021428571428572,21.0,78.81622,64.17704486846924,105.6,93.07000000000001
00-0036741,2024,Jack Stoll,PHI,5,1.644935064935065,13.34,1.4666666666666668,2.2545454545454544,0.8857142857142858,6.0,11.0,3.0,26.0,0.5320855614973262,21.310457516339866,62.333333333333336,0.0,1.3333333333333333,0.8333333333333334,6.333333333333333,0.0,0.01436265709156194,0.0053112385808370514,0.3872222222222222,12.68,-3.879999999999999,3.0,2.0,0.6,0.4,2.0,26.68806,23.439300060272217,23.46666666666667,12.68
00-0036741,2025,Jack Stoll,NO,9,1.0254545454545454,6.92,0.6,1.4666666666666668,2.2545454545454544,5.0,6.0,4.0,26.0,0.4122137404580153,22.714285714285715,62.38095238095238,1.0,0.6,0.4,2.0,0.0,0.005964214711729622,0.003091986601391394,0.0,4.04,-1.04,16.6,13.600000000000001,1.8444444444444446,1.5111111111111113,6.0,4.9915204,1.700739860534668,9.6,4.04
00-0036754,2024,Brock Wright,DET,11,3.554561688311688,41.849999999999994,2.909090909090909,4.542857142857143,4.4625,11.0,14.0,3.0,26.0,0.5537509667440061,23.808823529411764,64.65,0.0,1.3636363636363635,1.2727272727272727,10.909090909090908,0.09090909090909091,0.022123893805309734,0.008808724832214765,0.43125,25.85,6.149999999999999,35.0,28.5,3.1818181818181817,2.590909090909091,13.0,49.628006,35.50760841369629,46.54545454545455,25.85
00-0036754,2025,Brock Wright,DET,8,3.236103896103896,36.96,3.1818181818181817,2.909090909090909,4.542857142857143,11.0,11.0,4.0,26.0,0.516100957354221,25.245098039215687,63.833333333333336,0.0,1.4545454545454546,1.1818181818181819,9.090909090909092,0.18181818181818182,0.028622540250447227,0.02124868835257083,0.495,35.71,-0.7100000000000009,36.800000000000004,29.800000000000004,4.6000000000000005,3.7250000000000005,14.0,58.691296,46.63360023498535,50.90909090909091,35.71
00-0036825,2025,Feleipe Franks,ATL,10,0.20952380952380953,1.885714285714286,0.24444444444444446,0.0,0.0,9.0,0.0,1.0,26.0,0.5706806282722513,18.301038062283737,56.1764705882353,1.0,0.3333333333333333,0.1111111111111111,1.3333333333333333,0.0,0.005802707930367505,0.011636190928520541,0.044375,5.9,-3.7,0.4,0.4,0.04,0.04,0.0,6.5090737,5.588494598865509,3.9111111111111114,5.9
00-0036876,2024,Kylen Granson,IND,16,4.5483076923076915,64.32,4.866666666666666,4.707692307692308,2.16,15.0,13.0,3.0,26.0,0.5451092117758785,20.557093425605537,61.94117647058823,0.0,3.3333333333333335,2.0,24.533333333333335,0.06666666666666667,0.09157509157509157,0.097953216374269,0.4953333333333333,83.89,-10.89,32.2,25.200000000000003,2.0125,1.5750000000000002,14.0,59.50433,48.9800910949707,77.86666666666666,83.89
00-0036876,2025,Kylen Granson,PHI,12,3.1382692307692306,47.34,2.0125,4.866666666666666,4.707692307692308,16.0,15.0,4.0,26.0,0.5084241823587711,20.51903114186851,59.35294117647059,1.0,1.9375,0.875,11.375,0.0,0.06300813008130081,0.06745879647374473,0.4052941176470588,50.5,-18.299999999999997,11.0,7.5,0.9166666666666666,0.625,7.0,49.49008,39.03539276123047,32.2,50.5
00-0036887,2024,Luke Farrell,JAX,12,2.4675,20.759999999999998,2.85,2.0,1.575,10.0,4.0,3.0,26.0,0.5774253731343284,20.79584775086505,63.05882352941177,0.0,1.5,1.3,15.5,0.0,0.02471169686985173,0.014475025484199796,0.35000000000000003,26.16,2.34,18.7,12.7,1.5583333333333333,1.0583333333333333,12.0,62.43669,50.584120750427246,45.6,26.16
00-0036887,2025,Luke Farrell,SF,15,1.99,20.569999999999997,1.5583333333333333,2.85,2.0,12.0,10.0,4.0,26.0,0.56875,18.844290657439448,56.470588235294116,1.0,1.4166666666666667,1.0,5.583333333333333,0.0,0.032567049808429116,0.01840628507295174,0.3764705882352941,25.16,-6.460000000000001,30.6,24.6,2.04,1.6400000000000001,12.0,28.52704,20.17490863800049,24.933333333333334,25.16
00-0036894,2024,Pat Freiermuth,PIT,18,8.364588235294116,113.91999999999999,7.45,9.879999999999999,9.305882352941175,12.0,15.0,3.0,26.0,0.5165876777251185,18.84313725490196,58.611111111111114,0.0,4.583333333333333,3.0833333333333335,32.0,0.16666666666666666,0.1053639846743295,0.09410288582183186,0.6384615384615385,83.62,5.780000000000001,174.8,140.8,9.711111111111112,7.822222222222223,68.0,95.54172,77.40063095092773,119.2,83.62
00-0036894,2025,Pat Freiermuth,PIT,16,9.049666666666667,146.52,9.711111111111112,7.45,9.879999999999999,18.0,12.0,4.0,26.0,0.4925373134328358,19.84313725490196,59.55555555555556,0.0,4.555555555555555,3.7777777777777777,37.111111111111114,0.3888888888888889,0.16907216494845362,0.12863505370709982,0.6872222222222222,126.07,48.73000000000002,116.4,95.4,7.275,5.9625,42.0,104.61659,81.78782844543457,155.3777777777778,126.07
00-0036970,2024,Kyle Pitts,ATL,17,8.152705882352942,122.72,8.076470588235296,7.56,10.388235294117647,17.0,10.0,3.0,26.0,0.5038022813688213,20.53287197231834,61.88235294117647,0.0,5.294117647058823,3.1176470588235294,39.23529411764706,0.17647058823529413,0.1782178217821782,0.24558472553699284,0.6447058823529412,149.48,-12.179999999999978,131.2,107.69999999999999,7.717647058823529,6.3352941176470585,47.0,102.558655,82.12071228027344,129.22352941176473,149.48
00-0036970,2025,Kyle Pitts,ATL,17,7.809529411764705,127.46999999999998,7.717647058823529,8.076470588235296,7.56,17.0,17.0,4.0,26.0,0.530360531309298,22.498269896193772,62.0,0.0,4.352941176470588,2.764705882352941,35.411764705882355,0.23529411764705882,0.137291280148423,0.14037854889589904,0.62,129.16,2.039999999999992,210.8,166.8,12.4,9.811764705882354,88.0,131.29332,109.17311096191406,123.48235294117646,129.16
00-0037004,2025,Hunter Long,JAX,7,1.775,21.3,1.7750000000000001,0.0,0.0,12.0,0.0,1.0,26.0,0.5609973285841496,20.41795665634675,59.10526315789474,1.0,0.9166666666666666,0.6666666666666666,6.083333333333333,0.0,0.01800327332242226,0.017178441056474127,0.26105263157894737,17.93,3.370000000000001,32.5,26.5,4.642857142857143,3.7857142857142856,12.0,21.410435,17.76374340057373,28.400000000000002,17.93
00-0037005,2024,Tommy Tremble,CAR,10,3.858,57.87,4.026666666666666,3.626666666666667,3.54,15.0,15.0,3.0,26.0,0.5685131195335277,17.363321799307958,60.529411764705884,0.0,2.1333333333333333,1.5333333333333334,12.933333333333334,0.2,0.0599250936329588,0.05012285012285012,0.525,51.379999999999995,9.020000000000003,56.4,44.9,5.64,4.49,23.0,53.349194,43.875770568847656,64.42666666666666,51.379999999999995
00-0037005,2025,Tommy Tremble,CAR,16,4.954666666666666,57.39999999999999,5.64,4.026666666666666,3.626666666666667,10.0,15.0,4.0,26.0,0.5706806282722513,18.301038062283737,56.1764705882353,0.0,3.2,2.3,23.4,0.2,0.061895551257253385,0.043220137734504865,0.6725,50.16,6.240000000000002,69.10000000000001,54.10000000000001,4.3187500000000005,3.3812500000000005,30.0,65.06474,52.17829895019531,90.24,50.16
00-0037086,2025,Grant Calcaterra,PHI,9,3.5904761904761906,54.328571428571436,3.825,0.0,2.1833333333333336,16.0,0.0,1.0,26.0,0.4122137404580153,22.714285714285715,62.38095238095238,0.0,1.9375,1.5625,18.875,0.0625,0.061630218687872766,0.05771708322597269,0.6176190476190476,48.61,12.590000000000003,22.6,18.1,2.511111111111111,2.011111111111111,9.0,58.350258,47.36869239807129,61.2,48.61
00-0037252,2025,Greg Dulcich,MIA,9,2.9014285714285712,18.985714285714284,1.95,0.0,8.61,4.0,0.0,1.0,26.0,0.5828402366863905,18.318339100346023,59.64705882352941,1.0,3.0,1.25,7.0,0.0,0.021660649819494584,0.018360486164985777,0.25666666666666665,16.39,-8.59,62.800000000000004,49.800000000000004,6.977777777777778,5.533333333333334,26.0,37.42351,34.25471782684326,31.2,16.39
00-0037292,2024,Andrew Ogletree,IND,12,3.2454545454545456,35.7,3.2454545454545456,0.0,0.0,11.0,0.0,1.0,26.0,0.5451092117758785,20.557093425605537,61.94117647058823,0.0,1.9090909090909092,0.8181818181818182,13.363636363636363,0.18181818181818182,0.038461538461538464,0.05092592592592592,0.4041666666666666,38.05,-2.3499999999999943,25.9,21.4,2.158333333333333,1.7833333333333332,9.0,66.23532,54.7584285736084,51.92727272727273,38.05
00-0037292,2025,Andrew Ogletree,IND,11,2.5207070707070707,29.166666666666668,2.158333333333333,3.2454545454545456,0.0,12.0,11.0,2.0,26.0,0.5084241823587711,20.51903114186851,59.35294117647059,0.0,1.1666666666666667,0.75,9.083333333333334,0.08333333333333333,0.028455284552845527,0.02874664622460713,0.4023529411764706,25.009999999999998,0.8900000000000006,12.700000000000001,10.700000000000001,1.1545454545454545,0.9727272727272728,4.0,73.17209,59.928152084350586,34.53333333333333,25.009999999999998
00-0037304,2024,Connor Heyward,PIT,12,2.6266666666666674,39.400000000000006,2.746666666666667,2.386666666666667,0.0,15.0,15.0,2.0,26.0,0.5165876777251185,18.84313725490196,58.611111111111114,0.0,2.3333333333333335,1.6,11.466666666666667,0.0,0.06704980842911877,0.0451693851944793,0.3661111111111111,56.62,-15.419999999999995,16.0,13.0,1.3333333333333333,1.0833333333333333,6.0,77.818184,62.74453258514404,43.94666666666667,56.62
00-0037304,2025,Connor Heyward,PIT,14,1.8626666666666667,25.540000000000003,1.3333333333333333,2.746666666666667,2.386666666666667,12.0,15.0,3.0,26.0,0.4925373134328358,19.84313725490196,59.55555555555556,0.0,0.6666666666666666,0.5,3.3333333333333335,0.08333333333333333,0.016494845360824743,0.0175530521351847,0.17722222222222223,13.850000000000001,2.1499999999999986,27.4,25.9,1.957142857142857,1.8499999999999999,3.0,23.616558,19.119243621826172,21.333333333333332,13.850000000000001
00-0037348,2025,Tanner Conner,MIA,8,1.15,4.6,1.15,0.0,0.0,4.0,0.0,1.0,26.0,0.5749027237354085,20.11764705882353,60.470588235294116,0.0,1.0,0.75,4.0,0.0,0.007194244604316547,0.012795549374130737,0.04875,6.08,-1.4800000000000004,18.1,13.600000000000001,2.2625,1.7000000000000002,9.0,22.919104,17.011574268341064,18.4,6.08
00-0037475,2024,Stone Smartt,LAC,9,2.7083333333333335,32.5,2.7083333333333335,0.0,0.0,12.0,0.0,1.0,26.0,0.5951035781544256,20.602076124567475,62.470588235294116,0.0,1.75,0.9166666666666666,12.916666666666666,0.08333333333333333,0.03420195439739414,0.0391815411406182,0.283125,35.76,-3.259999999999998,34.8,26.799999999999997,3.8666666666666663,2.9777777777777774,16.0,61.17217,51.379109382629395,43.333333333333336,35.76
00-0037475,2025,Stone Smartt,NYJ,6,3.4805555555555556,34.03333333333334,3.8666666666666663,2.7083333333333335,0.0,9.0,12.0,2.0,26.0,0.5298726738491675,19.84313725490196,56.72222222222222,1.0,2.111111111111111,1.7777777777777777,23.11111111111111,0.0,0.03667953667953668,0.041666666666666664,0.193125,31.86,2.9399999999999977,12.2,8.7,2.033333333333333,1.45,7.0,37.48423,31.687889575958252,61.86666666666666,31.86
00-0037539,2024,Lucas Krull,DEN,11,3.357142857142857,23.5,3.357142857142857,0.0,0.0,7.0,0.0,1.0,26.0,0.5360501567398119,18.570934256055363,56.294117647058826,0.0,2.0,1.1428571428571428,13.571428571428571,0.14285714285714285,0.029535864978902954,0.039140670982931135,0.3614285714285715,24.95,-1.4499999999999993,35.4,25.4,3.2181818181818183,2.309090909090909,20.0,47.318024,39.89006757736206,53.714285714285715,24.95
00-0037569,2024,Peyton Hendershot,KC,5,1.662820512820513,18.36666666666667,0.9750000000000001,3.0384615384615383,0.0,8.0,13.0,2.0,26.0,0.5775492716366752,23.22222222222222,64.83333333333333,1.0,0.875,0.5,4.75,0.0,0.010558069381598794,0.005170432784373803,0.25,18.92,-11.120000000000001,10.1,7.6,2.02,1.52,5.0,8.588456,7.226845026016235,15.600000000000001,18.92
00-0037654,2025,Tucker Fisk,LAC,5,1.6749999999999998,13.399999999999999,1.675,0.0,0.0,8.0,0.0,1.0,26.0,0.5298726738491675,19.84313725490196,56.72222222222222,0.0,1.125,1.0,6.75,0.0,0.017374517374517374,0.007161458333333333,0.346,16.99,-3.589999999999998,8.100000000000001,5.600000000000001,1.6200000000000003,1.1200000000000003,5.0,28.195189,22.156343460083008,26.8,16.99
00-0037744,2024,Trey McBride,ARI,16,8.825980392156863,141.5,10.676470588235293,5.125,0.0,17.0,12.0,2.0,26.0,0.5419921875,20.01038062283737,60.23529411764706,0.0,6.235294117647059,4.764705882352941,48.529411764705884,0.17647058823529413,0.1962962962962963,0.16535632766928735,0.6894117647058824,171.98,9.52000000000001,243.8,188.3,15.2375,11.76875,111.0,161.75475,124.40434646606445,170.8235294117647,171.98
00-0037744,2025,Trey McBride,ARI,17,12.857941176470588,206.88,15.2375,10.676470588235293,5.125,16.0,17.0,3.0,26.0,0.5397614314115308,21.833910034602077,59.1764705882353,0.0,9.1875,6.9375,71.625,0.125,0.28107074569789675,0.2480065988452021,0.898125,267.96,-24.159999999999968,315.9,252.89999999999998,18.58235294117647,14.876470588235293,126.0,153.06516,129.48600006103516,243.8,267.96
00-0037805,2024,Jeremy Ruckert,NYJ,14,3.1100000000000003,31.1,3.1100000000000003,0.0,0.0,10.0,0.0,1.0,26.0,0.6085192697768763,17.29757785467128,58.0,0.0,2.2,1.6,15.1,0.0,0.03914590747330961,0.036733615221987315,0.322,31.43,-0.3299999999999983,28.5,19.5,2.0357142857142856,1.3928571428571428,18.0,18.172565,14.080276489257812,49.760000000000005,31.43
00-0037805,2025,Jeremy Ruckert,NYJ,14,2.393809523809524,29.36666666666667,2.0357142857142856,3.1100000000000003,0.0,14.0,10.0,2.0,26.0,0.6264189886480909,19.224913494809687,57.0,0.0,2.0,1.2857142857142858,7.5,0.0,0.04753820033955857,0.024217961654894045,0.36764705882352944,42.43,-13.93,46.900000000000006,35.400000000000006,3.3500000000000005,2.528571428571429,23.0,62.802624,51.55008316040039,32.57142857142857,42.43
00-0037809,2024,Chig Okonkwo,TEN,16,6.472058823529411,108.00000000000001,6.670588235294118,6.075,0.0,17.0,16.0,2.0,26.0,0.5283422459893048,18.570934256055363,55.0,0.0,4.529411764705882,3.176470588235294,31.058823529411764,0.058823529411764705,0.16142557651991615,0.1163563829787234,0.0,114.21000000000001,-0.8100000000000023,113.60000000000001,87.60000000000001,7.1000000000000005,5.4750000000000005,52.0,145.17683,121.00020599365234,106.72941176470589,114.21000000000001
00-0037809,2025,Chig Okonkwo,TEN,17,6.868676470588235,111.9,7.1000000000000005,6.670588235294118,6.075,16.0,17.0,3.0,26.0,0.5408163265306123,18.94809688581315,57.64705882352941,0.0,4.375,3.25,29.9375,0.125,0.1383399209486166,0.09760112888052681,0.0,104.97,8.63000000000001,124.0,96.0,7.294117647058823,5.647058823529412,56.0,113.433334,93.79036140441895,113.60000000000001,104.97
00-0037838,2024,Isaiah Likely,BAL,17,7.0113095238095235,107.83333333333334,7.25625,6.521428571428571,0.0,16.0,14.0,2.0,26.0,0.4800347222222222,22.526315789473685,60.63157894736842,0.0,2.875,2.125,28.8125,0.375,0.08778625954198473,0.06978798586572438,0.46,79.82,36.28,149.3,124.80000000000001,8.782352941176471,7.341176470588236,49.0,102.3273,90.59796524047852,116.1,79.82
00-0037838,2025,Isaiah Likely,BAL,12,8.098429621848739,133.54,8.782352941176471,7.25625,6.521428571428571,17.0,16.0,3.0,26.0,0.4520311149524633,25.640866873065015,60.89473684210526,0.0,3.9411764705882355,2.8823529411764706,35.470588235294116,0.4117647058823529,0.1350806451612903,0.1331527871812232,0.6166666666666667,123.76,25.540000000000006,61.7,48.2,5.141666666666667,4.016666666666667,27.0,93.99494,76.65155220031738,140.51764705882354,123.76
00-0038041,2024,Jake Ferguson,DAL,14,9.407407407407408,160.53333333333333,11.911111111111111,4.3999999999999995,0.0,18.0,12.0,2.0,26.0,0.5775492716366752,23.22222222222222,64.83333333333333,0.0,6.333333333333333,4.5,47.44444444444444,0.4444444444444444,0.17194570135746606,0.11279203370356185,0.7488888888888889,213.0,1.4000000000000057,104.4,74.9,7.457142857142857,5.3500000000000005,59.0,143.47693,112.53591537475586,190.57777777777778,213.0
00-0038041,2025,Jake Ferguson,DAL,17,8.487619047619047,132.23999999999998,7.457142857142857,11.911111111111111,4.3999999999999995,14.0,18.0,3.0,26.0,0.5968045112781954,20.044982698961938,62.588235294117645,0.0,6.142857142857143,4.214285714285714,35.285714285714285,0.0,0.13893376413570274,0.07875738350470357,0.6528571428571429,132.43,-28.03,188.1,147.1,11.064705882352941,8.652941176470588,82.0,136.93198,112.41911506652832,119.31428571428572,132.43
00-0038046,2024,Charlie Kolar,BAL,11,2.31,23.1,2.31,0.0,0.0,10.0,0.0,1.0,26.0,0.4800347222222222,22.526315789473685,60.63157894736842,0.0,1.0,0.8,9.1,0.1,0.019083969465648856,0.020318021201413426,0.24294117647058822,17.61,5.490000000000002,28.3,23.8,2.5727272727272728,2.1636363636363636,9.0,32.41524,26.071552276611328,36.96,17.61
00-0038046,2025,Charlie Kolar,BAL,13,2.4851515151515153,26.56666666666667,2.5727272727272728,2.31,0.0,11.0,10.0,2.0,26.0,0.4520311149524633,25.640866873065015,60.89473684210526,0.0,1.0,0.8181818181818182,11.909090909090908,0.09090909090909091,0.02217741935483871,0.014895057549085985,0.294,20.46,7.84,36.2,31.200000000000003,2.784615384615385,2.4000000000000004,10.0,75.573296,61.8192081451416,41.163636363636364,20.46
00-0038115,2024,Daniel Bellinger,NYG,12,4.612454212454213,62.36666666666667,3.607142857142857,6.6230769230769235,0.0,14.0,13.0,2.0,26.0,0.5329218106995884,18.079584775086506,57.1764705882353,0.0,2.0,1.7857142857142858,18.214285714285715,0.0,0.05785123966942149,0.036101083032490974,0.6394117647058825,39.99,10.509999999999998,26.5,19.5,2.2083333333333335,1.625,14.0,35.82105,28.075915336608887,57.714285714285715,39.99
00-0038115,2025,Daniel Bellinger,NYG,13,3.0694505494505493,39.66,2.2083333333333335,3.607142857142857,6.6230769230769235,12.0,14.0,3.0,26.0,0.5828402366863905,18.318339100346023,59.64705882352941,0.0,1.4166666666666667,1.1666666666666667,10.416666666666666,0.0,0.030685920577617327,0.017843289371605897,0.3305882352941176,21.69,4.809999999999999,59.6,50.1,4.584615384615384,3.853846153846154,19.0,52.2678,42.897162437438965,35.333333333333336,21.69
00-0038129,2024,Cade Otton,TB,15,7.382559339525284,136.23333333333335,8.047368421052632,6.052941176470589,0.0,19.0,17.0,2.0,26.0,0.5718085106382979,19.959752321981426,59.36842105263158,0.0,4.526315789473684,3.1578947368421053,32.05263157894737,0.2631578947368421,0.13782051282051283,0.10734357437242413,0.9631578947368421,141.29,11.610000000000014,145.8,115.30000000000001,9.72,7.686666666666667,61.0,136.04892,109.27644157409668,128.7578947368421,141.29
00-0038129,2025,Cade Otton,TB,15,8.851504643962848,143.64000000000001,9.72,8.047368421052632,6.052941176470589,15.0,19.0,3.0,26.0,0.5374087591240876,23.950980392156865,60.888888888888886,0.0,5.933333333333334,4.066666666666666,42.13333333333333,0.26666666666666666,0.15344827586206897,0.12112112112112113,0.9306666666666668,154.31,-8.509999999999991,122.2,92.7,8.146666666666667,6.180000000000001,59.0,113.83623,90.27894401550293,155.52,154.31
00-0038394,2024,Will Mallory,IND,7,3.518181818181818,38.7,3.5181818181818185,0.0,0.0,11.0,0.0,1.0,26.0,0.5451092117758785,20.557093425605537,61.94117647058823,0.0,2.3636363636363638,1.6363636363636365,18.818181818181817,0.0,0.047619047619047616,0.049463937621832356,0.19666666666666666,38.07,0.6300000000000026,6.9,4.9,0.9857142857142858,0.7000000000000001,4.0,61.810566,49.23681163787842,56.290909090909096,38.07
00-0038547,2024,Luke Schoonmaker,DAL,12,2.169230769230769,28.2,2.169230769230769,0.0,0.0,13.0,0.0,1.0,26.0,0.5775492716366752,23.22222222222222,64.83333333333333,0.0,1.2307692307692308,0.6923076923076923,5.538461538461538,0.15384615384615385,0.024132730015082957,0.015894293374186137,0.30777777777777776,34.68,-6.48,57.1,43.6,4.758333333333334,3.6333333333333333,27.0,37.88399,29.68570899963379,34.707692307692305,34.68
00-0038547,2025,Luke Schoonmaker,DAL,14,3.8952991452991457,47.46666666666667,4.758333333333334,2.169230769230769,0.0,12.0,13.0,2.0,26.0,0.5968045112781954,20.044982698961938,62.588235294117645,0.0,3.0,2.25,20.083333333333332,0.08333333333333333,0.05815831987075929,0.04353533143732225,0.3447058823529412,56.010000000000005,1.0899999999999963,27.200000000000003,20.200000000000003,1.942857142857143,1.442857142857143,14.0,85.64551,70.42670440673828,76.13333333333334,56.010000000000005
00-0038558,2024,Darnell Washington,PIT,14,1.4555555555555557,13.100000000000001,1.4555555555555557,0.0,0.0,9.0,0.0,1.0,26.0,0.5165876777251185,18.84313725490196,58.611111111111114,0.0,1.2222222222222223,0.7777777777777778,6.777777777777778,0.0,0.0210727969348659,0.0027603513174404015,0.4694444444444444,17.63,-4.529999999999998,46.9,36.9,3.35,2.6357142857142857,20.0,25.516788,20.600592613220215,23.28888888888889,17.63
00-0038558,2025,Darnell Washington,PIT,13,2.7185185185185183,35.63333333333334,3.35,1.4555555555555557,0.0,14.0,9.0,2.0,26.0,0.4925373134328358,19.84313725490196,59.55555555555556,0.0,2.0,1.4285714285714286,14.928571428571429,0.07142857142857142,0.0577319587628866,0.03222425988996594,0.5094444444444445,45.31,1.5899999999999963,73.4,57.900000000000006,5.6461538461538465,4.453846153846154,31.0,46.38502,39.60527276992798,53.6,45.31
00-0038589,2024,Josh Whyle,TEN,15,2.711111111111111,24.4,2.711111111111111,0.0,0.0,9.0,0.0,1.0,26.0,0.5283422459893048,18.570934256055363,55.0,0.0,1.6666666666666667,1.0,10.444444444444445,0.1111111111111111,0.031446540880503145,0.03235815602836879,0.2409090909090909,29.71,-5.310000000000002,60.800000000000004,46.800000000000004,4.053333333333334,3.12,28.0,40.891964,33.024622440338135,43.37777777777777,29.71
00-0038589,2025,Josh Whyle,GB,7,3.6059259259259258,48.66666666666668,4.053333333333334,2.711111111111111,0.0,15.0,9.0,2.0,26.0,0.5408163265306123,18.94809688581315,57.64705882352941,1.0,2.466666666666667,1.8666666666666667,16.533333333333335,0.06666666666666667,0.07312252964426877,0.049153339604891814,0.32,54.769999999999996,6.030000000000008,16.3,13.3,2.3285714285714287,1.9000000000000001,6.0,54.47191,44.493990898132324,64.85333333333334,54.769999999999996
00-0038643,2025,Brayden Willis,SF,6,0.0,0.0,0.0,0.0,0.0,5.0,0.0,1.0,26.0,0.5411167512690356,22.70242214532872,57.94117647058823,0.0,0.4,0.0,0.0,0.0,0.004149377593360996,0.0026023184291459663,0.037,2.8,-2.8,0.0,0.0,0.0,0.0,0.0,19.183191,17.047876358032227,0.0,2.8
00-0038710,2025,Blake Whiteheart,CLE,9,2.442857142857143,17.1,2.442857142857143,0.0,0.0,7.0,0.0,1.0,26.0,0.6283269961977186,18.986159169550174,61.88235294117647,0.0,1.2857142857142858,0.8571428571428571,7.285714285714286,0.14285714285714285,0.014195583596214511,0.016193522590963613,0.28,16.44,0.6600000000000001,2.4,1.4,0.26666666666666666,0.15555555555555556,2.0,45.82466,38.64556932449341,39.08571428571429,16.44
00-0038720,2024,Julian Hill,MIA,14,0.8800000000000001,8.8,0.8800000000000001,0.0,0.0,10.0,0.0,1.0,26.0,0.5617455896007428,23.794117647058826,59.833333333333336,0.0,0.9,0.6,4.8,0.0,0.01576182136602452,0.006398940864960283,0.341875,16.7,-7.899999999999999,22.0,16.0,1.5714285714285714,1.1428571428571428,12.0,23.305103,18.32636308670044,14.080000000000002,16.7
00-0038720,2025,Julian Hill,MIA,11,1.3409523809523811,17.6,1.5714285714285714,0.8800000000000001,0.0,14.0,10.0,2.0,26.0,0.5749027237354085,20.11764705882353,60.470588235294116,0.0,1.3571428571428572,0.8571428571428571,7.142857142857143,0.0,0.0341726618705036,0.03337969401947149,0.47875,35.67,-13.670000000000002,31.0,23.5,2.8181818181818183,2.1363636363636362,15.0,51.48667,43.63612604141235,25.142857142857142,35.67
00-0038783,2024,Nate Adkins,DEN,15,1.24,6.2,1.24,0.0,0.0,5.0,0.0,1.0,26.0,0.5360501567398119,18.570934256055363,56.294117647058826,0.0,1.0,0.8,4.4,0.0,0.010548523206751054,-0.0014714537963507945,0.1,6.57,-0.3700000000000001,43.5,36.5,2.9,2.433333333333333,14.0,19.476196,16.898128747940063,19.84,6.57
00-0038783,2025,Nate Adkins,DEN,7,2.346666666666667,31.066666666666666,2.9,1.24,0.0,15.0,5.0,2.0,26.0,0.556497175141243,19.372549019607842,59.0,0.0,1.0,0.9333333333333333,7.666666666666667,0.2,0.026690391459074734,0.014328634157614976,0.3688888888888889,25.15,18.35,17.900000000000002,14.400000000000002,2.5571428571428574,2.0571428571428574,7.0,48.37672,35.46281147003174,46.4,25.15
00-0038809,2024,Ben Sims,GB,4,1.9285714285714284,13.5,1.9285714285714286,0.0,0.0,7.0,0.0,1.0,26.0,0.5608465608465608,21.139318885448915,59.68421052631579,0.0,1.0,0.7142857142857143,3.5714285714285716,0.14285714285714285,0.011904761904761904,0.006552006552006552,0.1731578947368421,12.94,0.5600000000000005,8.200000000000001,6.200000000000001,2.0500000000000003,1.5500000000000003,4.0,18.072908,14.71341848373413,30.857142857142858,12.94
00-0038933,2024,Dalton Kincaid,BUF,16,9.705555555555556,174.7,9.705555555555556,0.0,0.0,18.0,0.0,1.0,26.0,0.525974025974026,22.495356037151705,64.84210526315789,0.0,5.666666666666667,4.5,43.166666666666664,0.16666666666666666,0.16693944353518822,0.12458374142997061,0.6283333333333334,162.31,12.389999999999986,113.9,88.9,7.11875,5.55625,50.0,170.20462,134.0286979675293,155.2888888888889,162.31
00-0038933,2025,Dalton Kincaid,BUF,14,7.98101851851852,134.16666666666669,7.11875,9.705555555555556,0.0,16.0,18.0,2.0,26.0,0.5008319467554077,21.47352941176471,60.1,0.0,5.25,3.125,32.4375,0.125,0.14685314685314685,0.14180050718512258,0.546875,142.63,-28.72999999999999,158.20000000000002,134.20000000000002,11.3,9.585714285714287,48.0,124.15117,101.95391845703125,113.9,142.63
00-0038935,2024,Brenton Strange,JAX,14,2.071428571428571,14.5,2.071428571428571,0.0,0.0,7.0,0.0,1.0,26.0,0.5774253731343284,20.79584775086505,63.05882352941177,0.0,1.2857142857142858,0.7142857142857143,5.0,0.14285714285714285,0.014827018121911038,0.013863404689092763,0.32142857142857145,16.64,-2.1400000000000023,91.1,71.1,6.507142857142857,5.078571428571428,40.0,29.92617,24.12855339050293,33.14285714285714,16.64
00-0038935,2025,Brenton Strange,JAX,13,5.0285714285714285,65.56666666666668,6.507142857142857,2.071428571428571,0.0,14.0,7.0,2.0,26.0,0.56875,18.844290657439448,56.470588235294116,0.0,3.7857142857142856,2.857142857142857,29.357142857142858,0.14285714285714285,0.10153256704980843,0.07654320987654321,0.5423529411764706,86.24,4.859999999999999,120.9,96.9,9.3,7.453846153846154,48.0,44.53121,36.28911304473877,104.11428571428571,86.24
00-0038996,2024,Tucker Kraft,GB,18,5.74375,91.9,5.74375,0.0,0.0,16.0,0.0,1.0,26.0,0.5608465608465608,21.139318885448915,59.68421052631579,0.0,3.0625,2.25,23.6875,0.1875,0.08333333333333333,0.03726453726453727,0.5931578947368421,80.4,11.5,171.9,144.4,9.55,8.022222222222222,55.0,96.101944,78.7743968963623,91.9,80.4
00-0038996,2025,Tucker Kraft,GB,8,8.28125,145.23333333333335,9.55,5.74375,0.0,18.0,16.0,2.0,26.0,0.48530805687203793,21.895424836601308,58.611111111111114,0.0,4.166666666666667,3.0555555555555554,40.72222222222222,0.3888888888888889,0.15723270440251572,0.09399801587301587,0.8638888888888889,125.55,46.35000000000001,117.19999999999999,101.19999999999999,14.649999999999999,12.649999999999999,32.0,108.673584,83.18271255493164,152.8,125.55
00-0039041,2024,Elijah Higgins,ARI,15,3.3,36.3,3.3,0.0,0.0,11.0,0.0,1.0,26.0,0.5419921875,20.01038062283737,60.23529411764706,0.0,1.7272727272727273,1.2727272727272727,14.818181818181818,0.09090909090909091,0.03518518518518519,0.032462591935074815,0.2581818181818182,30.6,5.699999999999996,49.2,39.2,3.2800000000000002,2.6133333333333337,20.0,40.101604,34.384777545928955,52.8,30.6
00-0039041,2025,Elijah Higgins,ARI,17,3.2866666666666666,44.9,3.2800000000000002,3.3,0.0,15.0,11.0,2.0,26.0,0.5397614314115308,21.833910034602077,59.1764705882353,0.0,1.6,1.3333333333333333,11.466666666666667,0.13333333333333333,0.045889101338432124,0.029694803409403354,0.3805882352941176,41.769999999999996,7.430000000000007,58.1,43.1,3.4176470588235297,2.5352941176470587,30.0,47.085537,39.544575691223145,52.480000000000004,41.769999999999996
00-0039050,2024,Payne Durham,TB,8,1.7000000000000002,13.600000000000001,1.7,0.0,0.0,8.0,0.0,1.0,26.0,0.5718085106382979,19.959752321981426,59.36842105263158,0.0,1.0,0.75,9.5,0.0,0.01282051282051282,0.01423754215061821,0.15333333333333332,13.58,0.019999999999999574,34.5,29.0,4.3125,3.625,11.0,21.013983,16.678635120391846,27.2,13.58
00-0039050,2025,Payne Durham,TB,8,3.4416666666666673,27.53333333333334,4.3125,1.7,0.0,8.0,8.0,2.0,26.0,0.5374087591240876,23.950980392156865,60.888888888888886,0.0,1.75,1.375,14.375,0.25,0.02413793103448276,0.031031031031031032,0.39176470588235296,27.66,6.84,2.1,1.6,0.2625,0.2,1.0,70.28388,56.74849987030029,69.0,27.66
00-0039065,2024,Sam LaPorta,DET,17,14.195,283.9,14.194999999999999,0.0,0.0,20.0,0.0,1.0,26.0,0.5537509667440061,23.808823529411764,64.65,0.0,7.35,5.35,53.25,0.55,0.2168141592920354,0.21413590604026847,0.8300000000000001,272.94,10.95999999999998,191.7,158.7,11.276470588235293,9.335294117647058,66.0,193.10875,151.55115127563477,227.11999999999998,272.94
00-0039065,2025,Sam LaPorta,DET,9,12.249313725490195,222.43333333333337,11.276470588235293,14.194999999999999,0.0,17.0,20.0,2.0,26.0,0.516100957354221,25.245098039215687,63.833333333333336,0.0,5.294117647058823,3.8823529411764706,45.705882352941174,0.47058823529411764,0.16100178890876565,0.15975865687303253,0.8558823529411765,177.77,13.929999999999978,106.9,86.9,11.877777777777778,9.655555555555557,40.0,180.4407,147.97471237182617,180.4235294117647,177.77
00-0039066,2024,Michael Mayer,LV,11,5.492307692307692,71.4,5.492307692307692,0.0,0.0,13.0,0.0,1.0,26.0,0.5742268041237113,18.02076124567474,57.05882352941177,0.0,3.076923076923077,2.076923076923077,23.384615384615383,0.15384615384615385,0.07532956685499058,0.053880845003560406,0.71,64.14,7.260000000000005,36.6,26.1,3.3272727272727276,2.372727272727273,21.0,51.40073,42.961724281311035,87.87692307692308,64.14
00-0039066,2025,Michael Mayer,LV,13,4.04895104895105,48.20000000000001,3.3272727272727276,5.492307692307692,0.0,11.0,13.0,2.0,26.0,0.6252465483234714,18.823529411764707,59.64705882352941,0.0,2.909090909090909,1.9090909090909092,14.181818181818182,0.0,0.05414551607445008,0.04806050256160039,0.63,48.67,-12.07,73.8,56.3,5.676923076923076,4.3307692307692305,35.0,39.094078,33.38320875167847,53.23636363636364,48.67
00-0039074,2024,Davis Allen,LA,8,3.7875,30.3,3.7875,0.0,0.0,8.0,0.0,1.0,26.0,0.5561545372866128,22.15686274509804,61.833333333333336,0.0,1.625,1.5,15.375,0.125,0.022071307300509338,0.007069408740359897,0.190625,19.25,11.05,18.200000000000003,14.700000000000003,2.2750000000000004,1.8375000000000004,7.0,52.860817,40.68260097503662,60.6,19.25
00-0039074,2025,Davis Allen,LA,15,2.7791666666666672,22.233333333333338,2.2750000000000004,3.7875,0.0,8.0,8.0,2.0,26.0,0.5609973285841496,20.41795665634675,59.10526315789474,0.0,1.875,0.875,6.5,0.125,0.024549918166939442,0.012883830792355593,0.3070588235294118,27.6,-9.399999999999999,62.800000000000004,50.800000000000004,4.1866666666666665,3.386666666666667,24.0,37.86783,30.69232702255249,36.400000000000006,27.6
00-0039144,2024,Luke Musgrave,GB,7,7.215384615384615,93.8,7.2153846153846155,0.0,0.0,13.0,0.0,1.0,26.0,0.5608465608465608,21.139318885448915,59.68421052631579,0.0,4.076923076923077,3.076923076923077,32.15384615384615,0.15384615384615385,0.09013605442176871,0.08251433251433252,0.5946153846153847,84.0,9.799999999999997,11.5,8.0,1.6428571428571428,1.1428571428571428,7.0,115.37257,94.42732238769531,115.44615384615385,84.0
00-0039144,2025,Luke Musgrave,GB,14,3.5003663003663004,38.93333333333334,1.6428571428571428,7.2153846153846155,0.0,7.0,13.0,2.0,26.0,0.48530805687203793,21.895424836601308,58.611111111111114,0.0,1.4285714285714286,1.0,6.428571428571429,0.0,0.020964360587002098,0.01636904761904762,0.2975,15.33,-3.83,51.1,38.6,3.65,2.757142857142857,25.0,41.41699,33.071285247802734,26.285714285714285,15.33
00-0039338,2025,Brock Bowers,LV,12,15.452941176470588,262.7,15.452941176470588,0.0,0.0,17.0,0.0,1.0,26.0,0.6252465483234714,18.823529411764707,59.64705882352941,0.0,9.0,6.588235294117647,70.23529411764706,0.29411764705882354,0.25888324873096447,0.22517687240790438,0.8494117647058823,238.38,24.319999999999993,176.2,144.2,14.683333333333332,12.016666666666666,64.0,162.05496,131.0645523071289,247.24705882352941,238.38
00-0039356,2025,Ja'Tavion Sanders,CAR,12,4.88,73.2,4.88,0.0,0.0,15.0,0.0,1.0,26.0,0.5706806282722513,18.301038062283737,56.1764705882353,0.0,2.8666666666666667,2.2,22.8,0.06666666666666667,0.08317214700193423,0.06364284018047969,0.56125,70.63,2.5700000000000074,54.0,39.5,4.5,3.2916666666666665,29.0,64.11856,53.62087917327881,78.08,70.63
00-0039359,2025,Cade Stover,HOU,8,2.74,41.1,2.74,0.0,0.0,15.0,0.0,1.0,26.0,0.5593971631205674,20.758513931888547,59.36842105263158,0.0,1.7333333333333334,1.2666666666666666,10.733333333333333,0.06666666666666667,0.042833607907743,0.0254,0.409375,44.82,-3.719999999999999,25.400000000000002,17.900000000000002,3.1750000000000003,2.2375000000000003,15.0,70.06462,58.37845420837402,43.84,44.82
00-0039530,2025,Brevyn Spann-Ford,DAL,16,1.6181818181818182,17.8,1.6181818181818182,0.0,0.0,11.0,0.0,1.0,26.0,0.5968045112781954,20.044982698961938,62.588235294117645,0.0,1.2727272727272727,0.8181818181818182,8.0,0.0,0.022617124394184167,0.01793918179829359,0.25529411764705884,22.400000000000002,-4.600000000000001,24.0,19.5,1.5,1.21875,9.0,40.118465,31.821428298950195,25.89090909090909,22.400000000000002
00-0039648,2025,David Martin-Robinson,TEN,11,0.4,1.6,0.4,0.0,0.0,4.0,0.0,1.0,26.0,0.5408163265306123,18.94809688581315,57.64705882352941,0.0,0.5,0.25,1.5,0.0,0.003952569169960474,0.0,0.144,2.3,-0.6999999999999997,13.0,11.0,1.1818181818181819,1.0,4.0,12.456676,11.492545783519745,6.4,2.3
00-0039686,2025,Colson Yankoff,WAS,10,0.0,0.0,0.0,0.0,0.0,5.0,0.0,1.0,26.0,0.5051383399209486,22.75294117647059,63.25,0.0,0.0,0.0,0.0,0.0,0.0,0.0,0.01,0.0,0.0,3.8000000000000003,2.8000000000000003,0.38,0.28,2.0,7.754587,6.315926194190979,0.0,0.0
00-0039793,2025,AJ Barner,SEA,20,5.233333333333333,78.5,5.233333333333333,0.0,0.0,15.0,0.0,1.0,26.0,0.6082051282051282,20.775086505190313,57.35294117647059,0.0,2.533333333333333,2.0,16.333333333333332,0.26666666666666666,0.06678383128295255,0.033663366336633666,0.4505882352941177,64.72,13.780000000000001,166.20000000000002,137.20000000000002,8.31,6.860000000000001,58.0,80.59941,63.67042350769043,83.73333333333333,64.72
00-0039847,2025,Theo Johnson,NYG,15,6.1909090909090905,68.1,6.1909090909090905,0.0,0.0,11.0,0.0,1.0,26.0,0.5828402366863905,18.318339100346023,59.64705882352941,0.0,3.909090909090909,2.6363636363636362,30.09090909090909,0.09090909090909091,0.0776173285198556,0.07447633824670287,0.8416666666666667,61.739999999999995,6.359999999999999,127.8,105.3,8.52,7.02,45.0,58.880466,49.91808795928955,99.05454545454545,61.739999999999995
00-0039912,2025,Ben Sinnott,WAS,9,2.1375,17.1,2.1375,0.0,0.0,8.0,0.0,1.0,26.0,0.5051383399209486,22.75294117647059,63.25,0.0,0.75,0.75,6.375,0.125,0.009819967266775777,0.0054585152838427945,0.23399999999999999,12.17,4.9300000000000015,28.4,22.9,3.1555555555555554,2.5444444444444443,11.0,4.1779633,2.210420608520508,34.2,12.17
