player_id,season,player_display_name,team,games_played,ppr_pg_weighted,ppr_total_weighted,ppr_pg_last,ppr_pg_2yr_ago,ppr_pg_3yr_ago,games_played_last,games_played_2yr_ago,career_seasons,age_at_season_start,team_pass_rate_last,team_pts_per_game_last,team_plays_per_game_last,team_changed_offseason,carries_pg_last,rush_yds_pg_last,rush_tds_pg_last,targets_pg_last,receptions_pg_last,rec_yds_pg_last,target_share_last,snap_pct_last,xfp_ppr_last,ppr_minus_xfp_last,games_missed_last,is_receiving_back,is_workhorse,age_over_28,fantasy_points_ppr,fantasy_points_half_ppr,fantasy_points_ppr_per_game,fantasy_points_half_ppr_per_game,receptions,projected_ppr,projected_half_ppr,naive_proj,xfp_proj
00-0030578,2024,Cordarrelle Patterson,PIT,14,6.881250000000001,92.01,3.0750000000000006,11.900000000000002,14.6625,12.0,13.0,11.0,26.0,0.5038022813688213,20.53287197231834,61.88235294117647,1.0,4.166666666666667,15.083333333333334,0.0,1.0,0.75,3.1666666666666665,0.023762376237623763,0.19285714285714287,54.07,-17.169999999999995,5.0,0.0,0.0,0.0,37.5,31.5,2.6785714285714284,2.25,12.0,74.499886,61.833998680114746,49.20000000000001,54.07
00-0031687,2024,Raheem Mostert,MIA,13,14.827083333333334,237.23333333333335,16.98125,10.51875,0.0,16.0,16.0,2.0,26.0,0.5617455896007428,23.794117647058826,59.833333333333336,0.0,13.5625,65.3125,1.125,2.125,1.625,10.75,0.0595446584938704,0.558125,223.73000000000002,47.96999999999997,1.0,0.0,0.0,0.0,70.9,61.400000000000006,5.453846153846154,4.723076923076923,19.0,198.1388,181.80081176757812,271.7,223.73000000000002
00-0031687,2025,Raheem Mostert,LV,12,9.418557692307692,140.88,5.453846153846154,16.98125,10.51875,13.0,16.0,3.0,26.0,0.5749027237354085,20.11764705882353,60.470588235294116,1.0,6.538461538461538,21.384615384615383,0.15384615384615385,1.7692307692307692,1.4615384615384615,12.384615384615385,0.04136690647482014,0.31384615384615383,86.88,-15.97999999999999,4.0,0.0,0.0,0.0,29.400000000000002,23.400000000000002,2.45,1.9500000000000002,12.0,80.502945,73.02547931671143,87.26153846153846,86.88
00-0032104,2024,Ameer Abdullah,LV,15,3.078345588235294,49.78,2.5625,3.38125,5.264705882352941,16.0,16.0,7.0,26.0,0.5742268041237113,18.02076124567474,57.05882352941177,0.0,0.9375,5.5625,0.0,1.5,1.1875,8.1875,0.04519774011299435,0.20529411764705885,44.57,-3.5700000000000003,1.0,0.0,0.0,0.0,125.2,105.2,8.346666666666668,7.013333333333334,40.0,72.78517,63.573402404785156,41.0,44.57
00-0032104,2025,Ameer Abdullah,IND,13,6.114875,92.83,8.346666666666668,2.5625,3.38125,15.0,16.0,8.0,26.0,0.6252465483234714,18.823529411764707,59.64705882352941,1.0,4.4,20.733333333333334,0.13333333333333333,3.1333333333333333,2.6666666666666665,17.4,0.07952622673434856,0.369375,115.35,9.850000000000009,2.0,0.0,0.0,0.0,37.9,29.9,2.9153846153846152,2.3,16.0,99.88153,84.70708465576172,133.54666666666668,115.35
00-0032764,2024,Derrick Henry,BAL,19,16.665730392156863,259.374,14.509411764705884,18.9225,22.833333333333332,17.0,16.0,8.0,26.0,0.5283422459893048,18.570934256055363,55.0,1.0,16.470588235294116,68.6470588235294,0.7058823529411765,2.1176470588235294,1.6470588235294117,12.588235294117647,0.07547169811320754,0.5364705882352941,222.5,24.160000000000025,0.0,0.0,0.0,0.0,381.40000000000003,371.90000000000003,20.073684210526316,19.573684210526316,19.0,214.43657,200.746750831604,232.15058823529415,222.5
00-0032764,2025,Derrick Henry,BAL,17,18.289284055727553,333.11400000000003,20.073684210526316,14.509411764705884,18.9225,19.0,17.0,9.0,26.0,0.4520311149524633,25.640866873065015,60.89473684210526,0.0,19.31578947368421,115.3157894736842,1.0,1.263157894736842,1.0,10.157894736842104,0.04838709677419355,0.5768421052631578,287.7,93.70000000000005,0.0,0.0,0.0,0.0,279.5,272.0,16.441176470588236,16.0,15.0,177.41321,167.85346126556396,321.17894736842106,287.7
00-0033045,2024,Ezekiel Elliott,DAL,15,11.035464052287582,189.026,10.264705882352942,11.511764705882353,14.231111111111112,17.0,17.0,8.0,26.0,0.573045267489712,17.366782006920417,57.1764705882353,1.0,10.823529411764707,37.76470588235294,0.17647058823529413,3.823529411764706,3.0,18.41176470588235,0.12014787430683918,0.5305882352941176,186.31,-11.810000000000002,0.0,1.0,0.0,0.0,57.5,51.5,3.8333333333333335,3.433333333333333,12.0,137.79408,119.2242603302002,164.23529411764707,186.31
00-0033280,2024,Christian McCaffrey,SF,4,23.232696992481202,425.808,25.278947368421054,20.813,18.214285714285715,19.0,20.0,3.0,26.0,0.5084745762711864,23.9,59.0,0.0,17.42105263157895,90.89473684210526,0.9473684210526315,5.684210526315789,4.526315789473684,37.68421052631579,0.1956521739130435,0.8373684210526315,406.32,73.98000000000002,0.0,1.0,1.0,0.0,47.800000000000004,40.300000000000004,11.950000000000001,10.075000000000001,15.0,256.56482,229.47537231445312,404.46315789473687,406.32
00-0033280,2025,Christian McCaffrey,SF,19,16.83498421052632,214.39600000000002,11.950000000000001,25.278947368421054,20.813,4.0,19.0,4.0,26.0,0.5411167512690356,22.70242214532872,57.94117647058823,0.0,12.5,50.5,0.0,4.75,3.75,36.5,0.03941908713692946,0.7224999999999999,57.4,-9.599999999999994,13.0,1.0,0.0,0.0,458.40000000000003,401.90000000000003,24.126315789473686,21.15263157894737,113.0,250.82956,225.06066703796387,191.20000000000002,57.4
00-0033293,2024,Aaron Jones,MIN,18,14.454654977375565,210.24,14.123076923076924,14.623529411764707,15.9375,13.0,17.0,7.0,26.0,0.5608465608465608,21.139318885448915,59.68421052631579,1.0,13.923076923076923,67.84615384615384,0.38461538461538464,3.8461538461538463,2.6153846153846154,19.53846153846154,0.08503401360544217,0.5276923076923077,190.62,-7.019999999999982,4.0,1.0,0.0,0.0,250.6,223.6,13.922222222222222,12.422222222222222,54.0,159.53064,146.59591960906982,225.9692307692308,190.62
00-0033293,2025,Aaron Jones,MIN,12,14.052609351432881,230.29999999999998,13.922222222222222,14.123076923076924,14.623529411764707,18.0,13.0,8.0,26.0,0.5521126760563381,21.486928104575163,59.166666666666664,0.0,14.88888888888889,65.88888888888889,0.2777777777777778,3.7777777777777777,3.0,23.333333333333332,0.12363636363636364,0.6372222222222222,286.59,-35.98999999999998,0.0,1.0,0.0,0.0,118.7,104.7,9.891666666666667,8.725,28.0,154.02621,135.18467903137207,222.75555555555556,286.59
00-0033526,2024,Samaje Perine,KC,20,7.40907120743034,132.21,7.135294117647058,8.705263157894738,5.163157894736843,17.0,19.0,7.0,26.0,0.5360501567398119,18.570934256055363,56.294117647058826,1.0,3.1176470588235294,14.0,0.058823529411764705,3.2941176470588234,2.9411764705882355,26.764705882352942,0.11814345991561181,0.3364705882352941,110.95,10.349999999999994,0.0,0.0,0.0,0.0,84.9,70.4,4.245,3.5200000000000005,29.0,70.24023,50.31204795837402,114.16470588235293,110.95
00-0033526,2025,Samaje Perine,CIN,15,5.558114551083591,103.87,4.245,7.135294117647058,8.705263157894738,20.0,17.0,8.0,26.0,0.5696413678065054,19.9,59.95,1.0,1.05,5.0,0.05,1.9,1.45,16.95,0.05837173579109063,0.2575,71.76,13.14,0.0,0.0,0.0,0.0,77.9,69.4,5.193333333333333,4.626666666666667,17.0,82.08167,67.65948009490967,67.92,71.76
00-0033553,2024,James Conner,ARI,16,15.589374999999999,207.67,15.5,15.399999999999999,16.69375,13.0,13.0,7.0,26.0,0.5419921875,20.01038062283737,60.23529411764706,0.0,16.0,80.0,0.5384615384615384,2.5384615384615383,2.076923076923077,12.692307692307692,0.06111111111111111,0.6161538461538462,175.38,26.120000000000005,4.0,0.0,0.0,0.0,253.8,230.3,15.8625,14.39375,47.0,201.48767,181.8554229736328,248.0,175.38
00-0033699,2024,Austin Ekeler,WAS,15,16.611130952380954,262.92,13.242857142857144,21.72222222222222,21.4875,14.0,18.0,7.0,26.0,0.5951035781544256,20.602076124567475,62.470588235294116,1.0,12.785714285714286,44.857142857142854,0.35714285714285715,5.285714285714286,3.642857142857143,31.142857142857142,0.12052117263843648,0.655,235.76,-50.359999999999985,3.0,1.0,0.0,0.0,159.6,136.1,10.639999999999999,9.073333333333332,47.0,222.17642,199.59354209899902,211.8857142857143,235.76
00-0033854,2024,Dare Ogunbowale,HOU,18,1.9212027972027972,25.8,0.9363636363636364,3.246666666666667,3.853846153846154,11.0,15.0,5.0,26.0,0.5746003552397868,21.105263157894736,59.26315789473684,0.0,0.9090909090909091,3.8181818181818183,0.0,0.7272727272727273,0.2727272727272727,2.8181818181818183,0.012924071082390954,0.1457142857142857,16.79,-6.489999999999998,6.0,0.0,0.0,0.0,58.4,48.4,3.2444444444444445,2.6888888888888887,20.0,15.157509,14.064042568206787,14.981818181818182,16.79
00-0033854,2025,Dare Ogunbowale,HOU,14,2.552242424242424,43.0,3.2444444444444445,0.9363636363636364,3.246666666666667,18.0,11.0,6.0,26.0,0.5593971631205674,20.758513931888547,59.36842105263158,0.0,1.7777777777777777,7.0,0.0,1.6111111111111112,1.1111111111111112,11.0,0.047775947281713346,0.27473684210526317,66.84,-8.440000000000005,0.0,0.0,0.0,0.0,24.1,19.1,1.7214285714285715,1.3642857142857143,10.0,38.58817,30.878948211669922,51.91111111111111,66.84
00-0033897,2024,Joe Mixon,HOU,16,16.038141176470585,277.94399999999996,15.705882352941176,16.16470588235294,17.652,17.0,17.0,7.0,26.0,0.6162324649298597,20.013840830449826,58.705882352941174,1.0,15.117647058823529,60.8235294117647,0.5294117647058824,3.764705882352941,3.0588235294117645,22.11764705882353,0.10810810810810811,0.6888235294117647,286.14,-19.139999999999986,0.0,1.0,1.0,0.0,275.4,255.89999999999998,17.2125,15.993749999999999,39.0,178.3612,160.1571216583252,251.2941176470588,286.14
00-0033906,2024,Alvin Kamara,NO,14,16.793230769230767,226.77999999999997,17.923076923076923,14.113333333333333,18.053846153846155,13.0,15.0,7.0,26.0,0.5580110497237569,20.647058823529413,63.88235294117647,0.0,13.846153846153847,53.38461538461539,0.38461538461538464,6.615384615384615,5.769230769230769,35.84615384615385,0.14853195164075994,0.6215384615384616,242.82999999999998,-9.829999999999984,4.0,1.0,0.0,0.0,265.3,231.3,18.95,16.521428571428572,68.0,299.43558,265.9040641784668,286.7692307692308,242.82999999999998
00-0033906,2025,Alvin Kamara,NO,11,18.15825641025641,250.25,18.95,17.923076923076923,14.113333333333333,14.0,13.0,8.0,26.0,0.5543259557344065,19.629757785467127,58.470588235294116,0.0,16.285714285714285,67.85714285714286,0.42857142857142855,6.357142857142857,4.857142857142857,38.785714285714285,0.172147001934236,0.7085714285714285,274.8,-9.5,3.0,1.0,1.0,0.0,100.7,84.2,9.154545454545454,7.654545454545455,33.0,303.44568,271.2260627746582,303.2,274.8
00-0033923,2024,Kareem Hunt,KC,16,8.825147058823529,132.44,8.6875,7.458823529411765,13.75,16.0,17.0,7.0,26.0,0.554635761589404,20.88562091503268,67.11111111111111,1.0,8.9375,27.3125,0.625,1.6875,1.25,5.8125,0.0421875,0.315625,137.73,1.2700000000000102,1.0,0.0,0.0,0.0,183.4,170.4,11.4625,10.65,26.0,61.693565,52.33398914337158,139.0,137.73
00-0033923,2025,Kareem Hunt,KC,17,10.229632352941177,164.42000000000002,11.4625,8.6875,7.458823529411765,16.0,16.0,8.0,26.0,0.5696413678065054,19.9,59.95,0.0,14.25,52.8125,0.5625,2.1875,1.625,11.8125,0.053763440860215055,0.498125,212.86,-29.460000000000008,1.0,0.0,0.0,0.0,145.4,136.4,8.552941176470588,8.023529411764706,18.0,100.58624,89.10307502746582,183.4,212.86
00-0033925,2024,D'Onta Foreman,CLE,10,9.54125,104.07,10.133333333333333,8.1875,10.05,9.0,16.0,4.0,26.0,0.4937439846005775,20.048442906574394,61.11764705882353,1.0,12.11111111111111,47.22222222222222,0.4444444444444444,1.7777777777777777,1.2222222222222223,8.555555555555555,0.03397027600849257,0.42666666666666664,91.92,-0.7199999999999989,8.0,0.0,0.0,0.0,32.6,29.6,3.2600000000000002,2.96,6.0,93.86278,85.9540286064148,162.13333333333333,91.92
00-0033948,2024,Jamaal Williams,NO,14,7.714162895927601,116.22999999999999,4.676923076923076,13.288235294117648,9.215384615384615,13.0,17.0,7.0,26.0,0.5580110497237569,20.647058823529413,63.88235294117647,0.0,8.153846153846153,23.53846153846154,0.07692307692307693,1.5384615384615385,1.3846153846153846,4.769230769230769,0.03454231433506045,0.37538461538461537,83.92,-23.120000000000005,4.0,0.0,0.0,0.0,37.1,32.6,2.65,2.3285714285714287,9.0,79.95328,67.68521404266357,74.83076923076922,83.92
00-0033955,2025,Jeremy McNichols,WAS,16,3.9277777777777785,70.7,3.927777777777778,0.0,0.0,18.0,0.0,1.0,26.0,0.5051383399209486,22.75294117647059,63.25,0.0,3.3333333333333335,15.0,0.2777777777777778,0.6666666666666666,0.5,1.5,0.019639934533551555,0.198,61.53,9.170000000000002,0.0,0.0,0.0,0.0,72.7,60.2,4.54375,3.7625,25.0,79.257904,73.97771787643433,62.84444444444445,61.53
00-0034115,2024,Jeff Wilson,MIA,7,6.201867647058823,81.62,4.290000000000001,9.947058823529412,6.4375,10.0,17.0,6.0,26.0,0.5617455896007428,23.794117647058826,59.833333333333336,0.0,4.1,18.8,0.0,1.9,1.5,9.1,0.03327495621716287,0.2290909090909091,51.160000000000004,-8.259999999999998,7.0,0.0,0.0,0.0,10.6,9.1,1.5142857142857142,1.3,3.0,63.592735,56.268051624298096,68.64000000000001,51.160000000000004
00-0034184,2024,Gus Edwards,LAC,12,9.078070175438599,152.83333333333334,10.342105263157896,6.55,0.0,19.0,10.0,2.0,26.0,0.4800347222222222,22.526315789473685,60.63157894736842,1.0,11.105263157894736,45.78947368421053,0.6842105263157895,0.8421052631578947,0.7368421052631579,10.263157894736842,0.030534351145038167,0.4136842105263158,183.5,13.0,0.0,0.0,0.0,0.0,66.3,64.8,5.5249999999999995,5.3999999999999995,3.0,119.90427,110.58360290527344,165.47368421052633,183.5
00-0034208,2024,Mike Boone,CAR,5,2.1851851851851856,18.46666666666667,1.4777777777777779,3.6,0.0,9.0,8.0,2.0,26.0,0.5746003552397868,21.105263157894736,59.26315789473684,1.0,0.5555555555555556,2.5555555555555554,0.0,1.0,0.7777777777777778,4.444444444444445,0.014539579967689823,0.16444444444444445,14.78,-1.4799999999999986,8.0,0.0,0.0,0.0,5.9,5.4,1.1800000000000002,1.08,1.0,31.2728,28.502669095993042,23.644444444444446,14.78
00-0034791,2025,Nick Chubb,HOU,17,9.146848739495798,94.45714285714287,7.9125,0.0,16.552941176470586,8.0,0.0,1.0,26.0,0.6283269961977186,18.986159169550174,61.88235294117647,1.0,12.75,41.5,0.375,1.375,0.625,3.875,0.017350157728706624,0.4125,79.74000000000001,-16.440000000000012,9.0,0.0,0.0,0.0,94.5,88.0,5.5588235294117645,5.176470588235294,13.0,126.886566,119.23087882995605,126.6,79.74000000000001
00-0034844,2024,Saquon Barkley,PHI,20,16.077124542124544,245.41000000000003,15.942857142857145,17.894444444444446,11.430769230769231,14.0,18.0,3.0,26.0,0.5329218106995884,18.079584775086506,57.1764705882353,1.0,17.642857142857142,68.71428571428571,0.42857142857142855,4.285714285714286,2.9285714285714284,20.0,0.12396694214876033,0.7885714285714285,223.73,-0.5299999999999727,3.0,1.0,1.0,0.0,455.7,432.7,22.785,21.634999999999998,46.0,183.00548,164.61337089538574,255.08571428571432,223.73
00-0034844,2025,Saquon Barkley,PHI,17,20.243301587301588,372.59,22.785,15.942857142857145,17.894444444444446,20.0,14.0,4.0,26.0,0.4122137404580153,22.714285714285715,62.38095238095238,0.0,21.8,125.2,0.9,2.9,2.3,17.65,0.11530815109343936,0.751,375.19,80.50999999999999,0.0,0.0,1.0,0.0,248.4,228.4,14.611764705882353,13.435294117647059,40.0,179.01662,161.33866691589355,364.56,375.19
00-0034972,2024,Alexander Mattison,LV,14,7.2752083333333335,119.39,8.325000000000001,4.977777777777778,7.86875,16.0,18.0,5.0,26.0,0.6168132942326491,21.612456747404845,60.1764705882353,1.0,11.25,43.75,0.0,2.75,1.875,12.0,0.07370184254606366,0.548125,183.23000000000002,-50.03,1.0,0.0,0.0,0.0,137.4,119.4,9.814285714285715,8.528571428571428,36.0,138.05621,121.11039733886719,133.20000000000002,183.23000000000002
00-0034975,2024,Justice Hill,BAL,17,5.630092592592592,99.46666666666667,7.038888888888889,2.8125,0.0,18.0,16.0,2.0,26.0,0.4800347222222222,22.526315789473685,60.63157894736842,0.0,5.555555555555555,25.333333333333332,0.16666666666666666,2.6666666666666665,1.8888888888888888,13.944444444444445,0.0916030534351145,0.4316666666666667,137.44,-10.739999999999995,0.0,0.0,0.0,0.0,147.3,123.30000000000001,8.664705882352942,7.252941176470589,48.0,108.723625,97.29923152923584,112.62222222222222,137.44
00-0034975,2025,Justice Hill,BAL,10,7.591740196078431,130.89000000000001,8.664705882352942,7.038888888888889,2.8125,17.0,18.0,3.0,26.0,0.4520311149524633,25.640866873065015,60.89473684210526,0.0,3.4705882352941178,17.058823529411764,0.058823529411764705,3.3529411764705883,2.823529411764706,23.705882352941178,0.11491935483870967,0.41529411764705887,123.85,23.450000000000017,0.0,0.0,0.0,0.0,65.2,54.7,6.5200000000000005,5.470000000000001,21.0,99.26493,77.27576065063477,138.63529411764708,123.85
00-0035243,2024,Miles Sanders,CAR,11,7.903153846153845,138.29999999999998,5.475,12.24,9.461538461538462,16.0,20.0,5.0,26.0,0.5685131195335277,17.363321799307958,60.529411764705884,0.0,8.0625,27.0,0.0625,2.5625,1.6875,9.625,0.07677902621722846,0.369375,125.96000000000001,-38.360000000000014,1.0,0.0,0.0,0.0,77.3,65.3,7.027272727272727,5.9363636363636365,24.0,78.15394,62.9729700088501,87.6,125.96000000000001
00-0035243,2025,Miles Sanders,DAL,4,7.082863636363636,97.14,7.027272727272727,5.475,12.24,11.0,16.0,6.0,26.0,0.5706806282722513,18.301038062283737,56.1764705882353,1.0,5.0,18.636363636363637,0.18181818181818182,2.727272727272727,2.1818181818181817,13.454545454545455,0.058027079303675046,0.3336363636363636,77.43,-0.13000000000000966,6.0,0.0,0.0,0.0,26.700000000000003,22.700000000000003,6.675000000000001,5.675000000000001,8.0,80.29019,66.44311618804932,112.43636363636364,77.43
00-0035250,2024,Devin Singletary,NYG,15,10.649245614035088,199.10399999999998,10.281052631578948,10.772222222222222,12.489473684210527,19.0,18.0,5.0,26.0,0.5746003552397868,21.105263157894736,59.26315789473684,1.0,12.526315789473685,51.89473684210526,0.2631578947368421,2.473684210526316,2.0,12.894736842105264,0.07592891760904685,0.5736842105263158,202.44,-7.099999999999994,0.0,0.0,0.0,0.0,96.6,86.1,6.4399999999999995,5.739999999999999,21.0,140.25945,126.0267915725708,164.49684210526317,202.44
00-0035250,2025,Devin Singletary,NYG,17,8.025538011695906,135.952,6.4399999999999995,10.281052631578948,10.772222222222222,15.0,19.0,6.0,26.0,0.5828402366863905,18.318339100346023,59.64705882352941,0.0,7.533333333333333,29.133333333333333,0.26666666666666666,1.6,1.4,7.933333333333334,0.04332129963898917,0.3893333333333333,95.69,0.9099999999999966,2.0,0.0,0.0,0.0,108.8,99.8,6.3999999999999995,5.870588235294117,18.0,98.78199,88.47241687774658,103.03999999999999,95.69
00-0035261,2024,Tony Pollard,TEN,16,13.615,242.98000000000002,13.561111111111112,14.777777777777779,10.45,18.0,18.0,5.0,26.0,0.5775492716366752,23.22222222222222,64.83333333333333,1.0,14.833333333333334,58.94444444444444,0.3888888888888889,4.222222222222222,3.4444444444444446,18.88888888888889,0.11463046757164404,0.706111111111111,306.69,-62.589999999999975,0.0,1.0,1.0,0.0,200.7,180.2,12.54375,11.2625,41.0,173.22978,159.11828899383545,216.9777777777778,306.69
00-0035261,2025,Tony Pollard,TEN,17,13.07236111111111,220.25,12.54375,13.561111111111112,14.777777777777779,16.0,18.0,6.0,26.0,0.5408163265306123,18.94809688581315,57.64705882352941,0.0,16.25,67.4375,0.3125,3.5625,2.5625,14.875,0.11264822134387352,0.678125,214.4,-13.700000000000017,1.0,1.0,1.0,0.0,185.8,169.3,10.929411764705883,9.958823529411765,33.0,141.89244,126.03271484375,200.7,214.4
00-0035291,2024,Trayveon Williams,CIN,5,0.9612499999999999,11.99,0.93125,0.8,1.625,16.0,10.0,4.0,26.0,0.6162324649298597,20.013840830449826,58.705882352941174,0.0,0.9375,4.3125,0.0,0.5625,0.4375,0.625,0.015202702702702704,0.1476470588235294,21.64,-6.74,1.0,0.0,0.0,0.0,0.0,0.0,0.0,0.0,0.0,30.942768,28.77619481086731,14.9,21.64
00-0035291,2025,Trayveon Williams,CLE,6,0.359375,5.27,0.0,0.93125,0.8,5.0,16.0,5.0,26.0,0.6317829457364341,22.463667820069205,60.705882352941174,1.0,0.0,0.0,0.0,0.0,0.0,0.0,0.0,0.007058823529411764,0.0,0.0,12.0,0.0,0.0,0.0,17.1,13.100000000000001,2.85,2.1833333333333336,8.0,32.96533,29.659460067749023,0.0,0.0
00-0035537,2024,Ty Johnson,BUF,20,4.108181818181818,49.38,3.763636363636364,3.5666666666666664,7.8,11.0,12.0,5.0,26.0,0.525974025974026,22.495356037151705,64.84210526315789,0.0,4.090909090909091,18.0,0.0,0.9090909090909091,0.7272727272727273,6.909090909090909,0.016366612111292964,0.1425,41.199999999999996,0.20000000000000995,6.0,0.0,0.0,0.0,114.5,103.5,5.725,5.175,22.0,72.18445,65.30469274520874,60.218181818181826,41.199999999999996
00-0035537,2025,Ty Johnson,BUF,17,4.920757575757575,85.4,5.725,3.763636363636364,3.5666666666666664,20.0,11.0,6.0,26.0,0.5008319467554077,21.47352941176471,60.1,0.0,3.05,15.35,0.05,1.45,1.1,15.9,0.050699300699300696,0.3045,89.18,25.319999999999993,0.0,0.0,0.0,0.0,100.30000000000001,88.30000000000001,5.9,5.194117647058825,24.0,74.96581,63.06767463684082,91.6,89.18
00-0035567,2024,Craig Reynolds,DET,9,3.8597142857142854,35.379999999999995,2.6928571428571426,5.133333333333334,7.040000000000001,14.0,6.0,3.0,26.0,0.5537509667440061,23.808823529411764,64.65,0.0,3.0,12.857142857142858,0.14285714285714285,0.35714285714285715,0.35714285714285715,3.357142857142857,0.007374631268436578,0.1055,37.57,0.12999999999999545,3.0,0.0,0.0,0.0,20.900000000000002,19.400000000000002,2.3222222222222224,2.155555555555556,3.0,42.927948,38.20841455459595,43.08571428571428,37.57
00-0035567,2025,Craig Reynolds,DET,5,2.7145238095238096,26.93,2.3222222222222224,2.6928571428571426,5.133333333333334,9.0,14.0,4.0,26.0,0.516100957354221,25.245098039215687,63.833333333333336,0.0,3.4444444444444446,15.444444444444445,0.0,0.5555555555555556,0.3333333333333333,4.444444444444445,0.008944543828264758,0.0811111111111111,24.27,-3.3699999999999974,8.0,0.0,0.0,0.0,0.4,0.4,0.08,0.08,0.0,75.21054,69.99673891067505,37.15555555555556,24.27
00-0035594,2024,Travis Homer,CHI,8,1.7344285714285714,19.11,0.0,4.3100000000000005,4.414285714285714,7.0,10.0,5.0,26.0,0.4937439846005775,20.048442906574394,61.11764705882353,0.0,0.0,0.0,0.0,0.14285714285714285,0.0,0.0,0.0021231422505307855,0.00625,1.51,-1.51,10.0,0.0,0.0,0.0,6.3999999999999995,4.8999999999999995,0.7999999999999999,0.6124999999999999,3.0,51.731144,48.10661220550537,0.0,1.51
00-0035594,2025,Travis Homer,CHI,8,0.911,8.15,0.7999999999999999,0.0,4.3100000000000005,8.0,7.0,6.0,26.0,0.567703109327984,18.290657439446367,58.64705882352941,0.0,0.75,2.875,0.0,0.375,0.375,1.375,0.005703422053231939,0.11600000000000002,7.2299999999999995,-0.8300000000000001,9.0,0.0,0.0,0.0,-0.2,-0.2,-0.025,-0.025,0.0,0.0,0.0,12.799999999999999,7.2299999999999995
00-0035628,2024,D'Ernest Johnson,JAX,12,2.285769230769231,32.910000000000004,2.1750000000000003,0.6000000000000001,8.007692307692308,16.0,9.0,5.0,26.0,0.5774253731343284,20.79584775086505,63.05882352941177,0.0,2.5625,6.75,0.0,0.75,0.625,8.75,0.019769357495881382,0.16588235294117645,40.79,-5.989999999999995,1.0,0.0,0.0,0.0,35.9,29.9,2.9916666666666667,2.4916666666666667,12.0,49.549923,42.00632905960083,34.800000000000004,40.79
00-0035628,2025,D'Ernest Johnson,NE,8,2.5075,32.52,2.9916666666666667,2.1750000000000003,0.6000000000000001,12.0,16.0,6.0,26.0,0.56875,18.844290657439448,56.470588235294116,1.0,2.6666666666666665,11.916666666666666,0.0,1.5833333333333333,1.0,8.0,0.03639846743295019,0.2292857142857143,51.5,-15.600000000000001,5.0,0.0,0.0,0.0,2.5,2.5,0.3125,0.3125,0.0,50.594093,39.766157150268555,47.86666666666667,51.5
00-0035685,2024,David Montgomery,DET,15,13.584816176470587,221.60999999999999,14.588235294117647,11.106250000000001,15.0,17.0,16.0,5.0,26.0,0.5537509667440061,23.808823529411764,64.65,0.0,15.176470588235293,70.47058823529412,0.8823529411764706,1.8235294117647058,1.2941176470588236,9.529411764705882,0.045722713864306784,0.4882352941176471,242.87,5.1299999999999955,0.0,0.0,0.0,0.0,225.32,207.32,15.021333333333333,13.821333333333333,36.0,137.93695,126.83363246917725,233.41176470588235,242.87
00-0035685,2025,David Montgomery,DET,17,14.499895588235292,227.36199999999997,15.021333333333333,14.588235294117647,11.106250000000001,15.0,17.0,6.0,26.0,0.516100957354221,25.245098039215687,63.833333333333336,0.0,12.8,53.53333333333333,0.8,2.533333333333333,2.4,22.733333333333334,0.06797853309481217,0.4073333333333334,214.43,10.889999999999986,2.0,0.0,0.0,0.0,166.92,154.92,9.818823529411764,9.112941176470587,24.0,229.86708,208.67434310913086,240.34133333333332,214.43
00-0035700,2024,Josh Jacobs,GB,18,15.668865950226245,231.42,13.930769230769231,19.311764705882354,15.16875,13.0,17.0,5.0,26.0,0.5742268041237113,18.02076124567474,57.05882352941177,1.0,17.923076923076923,61.92307692307692,0.46153846153846156,4.153846153846154,2.8461538461538463,22.76923076923077,0.1016949152542373,0.7607692307692309,219.96,-38.860000000000014,4.0,1.0,1.0,0.0,314.2,294.7,17.455555555555556,16.37222222222222,39.0,142.34857,125.33122444152832,222.8923076923077,219.96
00-0035700,2025,Josh Jacobs,GB,16,16.583740573152337,275.68,17.455555555555556,13.930769230769231,19.311764705882354,18.0,13.0,6.0,26.0,0.48530805687203793,21.895424836601308,58.611111111111114,0.0,17.72222222222222,78.33333333333333,0.8888888888888888,2.5555555555555554,2.1666666666666665,21.22222222222222,0.09643605870020965,0.6333333333333333,283.85,30.349999999999966,0.0,0.0,0.0,0.0,243.9,225.4,15.24375,14.0875,37.0,236.33566,221.91119194030762,279.2888888888889,283.85
00-0035973,2024,Patrick Taylor,SF,7,2.046307692307692,21.82,2.353846153846154,0.9666666666666668,3.44,13.0,6.0,3.0,26.0,0.5608465608465608,21.139318885448915,59.68421052631579,1.0,2.6923076923076925,11.307692307692308,0.0,1.3076923076923077,0.8461538461538461,3.769230769230769,0.02891156462585034,0.28923076923076924,44.0,-13.399999999999999,4.0,0.0,0.0,0.0,29.799999999999997,28.299999999999997,4.257142857142857,4.042857142857143,3.0,35.08932,29.248061656951904,37.66153846153846,44.0
00-0036139,2024,Rico Dowdle,DAL,16,5.764705882352941,98.0,5.764705882352941,0.0,0.0,17.0,0.0,1.0,26.0,0.5775492716366752,23.22222222222222,64.83333333333333,0.0,5.352941176470588,21.88235294117647,0.11764705882352941,1.4705882352941178,1.1176470588235294,9.294117647058824,0.03770739064856712,0.2211764705882353,101.66,-3.6599999999999966,0.0,0.0,0.0,0.0,197.8,178.3,12.3625,11.14375,39.0,143.18497,125.39757537841797,92.23529411764706,101.66
00-0036139,2025,Rico Dowdle,CAR,18,10.163235294117648,164.53333333333336,12.3625,5.764705882352941,0.0,16.0,17.0,2.0,26.0,0.5968045112781954,20.044982698961938,62.588235294117645,1.0,14.6875,67.4375,0.125,3.0625,2.4375,15.5625,0.0791599353796446,0.575,204.1,-6.299999999999983,1.0,0.0,0.0,0.0,218.8,198.8,12.155555555555557,11.044444444444444,40.0,155.20631,143.08594036102295,197.8,204.1
00-0036158,2025,J.K. Dobbins,DEN,10,13.516326530612247,181.15714285714287,13.885714285714286,0.0,11.3,14.0,0.0,1.0,26.0,0.5298726738491675,19.84313725490196,56.72222222222222,1.0,14.571428571428571,66.5,0.6428571428571429,2.7857142857142856,2.2857142857142856,10.928571428571429,0.07528957528957529,0.6321428571428571,183.44,10.960000000000008,3.0,0.0,0.0,0.0,115.9,110.4,11.59,11.040000000000001,11.0,124.023674,112.26357173919678,222.17142857142858,183.44
00-0036223,2024,Jonathan Taylor,IND,14,15.571433155080214,175.07,15.64,13.30909090909091,21.947058823529414,10.0,11.0,4.0,26.0,0.5451092117758785,20.557093425605537,61.94117647058823,0.0,16.9,74.1,0.7,2.3,1.9,15.3,0.04212454212454213,0.587,150.96,5.439999999999998,7.0,0.0,0.0,0.0,244.7,235.7,17.478571428571428,16.835714285714285,18.0,256.19916,239.79711151123047,250.24,150.96
00-0036223,2025,Jonathan Taylor,IND,17,16.51005194805195,208.38,17.478571428571428,15.64,13.30909090909091,14.0,10.0,5.0,26.0,0.5084241823587711,20.51903114186851,59.35294117647059,0.0,21.642857142857142,102.21428571428571,0.7857142857142857,2.2142857142857144,1.2857142857142858,9.714285714285714,0.06300813008130081,0.8028571428571428,246.14999999999998,-1.4499999999999886,3.0,0.0,1.0,0.0,362.3,339.3,21.311764705882354,19.958823529411767,46.0,261.81473,245.15947151184082,279.65714285714284,246.14999999999998
00-0036251,2024,Zack Moss,CIN,8,9.508461538461537,131.63,12.114285714285714,4.961538461538462,7.514285714285714,14.0,13.0,4.0,26.0,0.5451092117758785,20.557093425605537,61.94117647058823,1.0,13.071428571428571,56.714285714285715,0.35714285714285715,2.642857142857143,1.9285714285714286,13.714285714285714,0.06776556776556776,0.5549999999999999,166.45000000000002,3.1499999999999773,3.0,0.0,0.0,0.0,81.9,70.4,10.2375,8.8,23.0,99.81985,90.11481285095215,193.82857142857142,166.45000000000002
00-0036275,2024,D'Andre Swift,CHI,17,13.110158371040724,204.16,12.347058823529412,13.65,16.06923076923077,17.0,14.0,4.0,26.0,0.5320855614973262,21.310457516339866,62.333333333333336,1.0,14.058823529411764,63.705882352941174,0.29411764705882354,3.1176470588235294,2.5294117647058822,14.470588235294118,0.09515260323159784,0.5852941176470587,228.51,-18.609999999999985,0.0,0.0,0.0,0.0,214.5,193.5,12.617647058823529,11.382352941176471,42.0,131.48433,117.20308017730713,197.5529411764706,228.51
00-0036275,2025,D'Andre Swift,CHI,18,12.639705882352942,210.77999999999997,12.617647058823529,12.347058823529412,13.65,17.0,17.0,5.0,26.0,0.567703109327984,18.290657439446367,58.64705882352941,0.0,14.882352941176471,56.411764705882355,0.35294117647058826,3.0588235294117645,2.4705882352941178,22.705882352941178,0.09885931558935361,0.668235294117647,222.14000000000001,-7.640000000000015,0.0,0.0,1.0,0.0,253.4,235.4,14.077777777777778,13.077777777777778,36.0,146.99771,131.94204235076904,201.88235294117646,222.14000000000001
00-0036328,2024,Antonio Gibson,NE,17,9.527375,149.12,7.9625,11.06,14.31875,16.0,15.0,4.0,26.0,0.6398390342052314,19.951557093425606,58.470588235294116,1.0,4.0625,16.5625,0.0625,3.6875,3.0,24.3125,0.09816971713810316,0.463125,121.77,5.63000000000001,1.0,1.0,0.0,0.0,103.4,91.9,6.082352941176471,5.405882352941177,23.0,146.18228,128.5126438140869,127.4,121.77
00-0036328,2025,Antonio Gibson,NE,5,7.144161764705882,116.85,6.082352941176471,7.9625,11.06,17.0,16.0,5.0,26.0,0.5436793422404933,18.356401384083046,57.23529411764706,0.0,7.0588235294117645,31.647058823529413,0.058823529411764705,1.7058823529411764,1.3529411764705883,12.117647058823529,0.05823293172690763,0.33294117647058824,105.5,-2.0999999999999943,0.0,0.0,0.0,0.0,23.200000000000003,22.200000000000003,4.640000000000001,4.44,2.0,83.12614,72.8502836227417,97.31764705882354,105.5
00-0036414,2024,Cam Akers,MIN,17,7.490857142857143,73.72,6.671428571428572,9.42,6.62,7.0,15.0,4.0,26.0,0.6168132942326491,21.612456747404845,60.1764705882353,0.0,8.571428571428571,23.857142857142858,0.2857142857142857,1.7142857142857142,1.5714285714285714,10.0,0.020100502512562814,0.29,51.45,-4.75,10.0,0.0,0.0,0.0,97.10000000000001,90.10000000000001,5.711764705882353,5.300000000000001,14.0,91.730736,82.26260375976562,106.74285714285715,51.45
00-0036414,2025,Cam Akers,SEA,4,6.370487394957983,86.4,5.711764705882353,6.671428571428572,9.42,17.0,7.0,5.0,26.0,0.5521126760563381,21.486928104575163,59.166666666666664,1.0,6.411764705882353,28.41176470588235,0.11764705882352941,1.0588235294117647,0.8235294117647058,4.0,0.03272727272727273,0.23500000000000001,91.99,5.110000000000014,0.0,0.0,0.0,0.0,7.180000000000001,7.180000000000001,1.7950000000000002,1.7950000000000002,0.0,71.65933,62.38163185119629,91.38823529411765,91.99
00-0036425,2024,DeeJay Dallas,ARI,16,1.6747426470588236,27.580000000000002,0.7176470588235295,2.96875,3.5352941176470587,17.0,16.0,4.0,26.0,0.6008359456635318,19.885813148788927,56.294117647058826,1.0,0.5882352941176471,2.1176470588235294,0.0,0.5294117647058824,0.35294117647058826,1.5294117647058822,0.016453382084095063,0.08941176470588236,16.39,-4.1899999999999995,0.0,0.0,0.0,0.0,21.0,19.5,1.3125,1.21875,3.0,42.960835,38.449707984924316,11.482352941176472,16.39
00-0036425,2025,DeeJay Dallas,JAX,5,1.299669117647059,21.009999999999998,1.3125,0.7176470588235295,2.96875,16.0,17.0,5.0,26.0,0.5397614314115308,21.833910034602077,59.1764705882353,1.0,0.5625,3.0625,0.0,0.1875,0.1875,0.6875,0.0057361376673040155,0.04588235294117647,10.33,10.67,1.0,0.0,0.0,0.0,2.1,2.1,0.42000000000000004,0.42000000000000004,0.0,24.673937,18.732020378112793,21.0,10.33
00-0036555,2024,Chuba Hubbard,CAR,15,9.223319327731092,150.17,10.735294117647058,6.4071428571428575,8.6,17.0,14.0,3.0,26.0,0.5685131195335277,17.363321799307958,60.529411764705884,0.0,14.0,53.05882352941177,0.29411764705882354,2.588235294117647,2.2941176470588234,13.705882352941176,0.08239700374531835,0.5952941176470589,190.37,-7.8700000000000045,0.0,0.0,0.0,0.0,241.6,220.1,16.106666666666666,14.673333333333334,43.0,172.0585,157.60438919067383,171.76470588235293,190.37
00-0036555,2025,Chuba Hubbard,CAR,16,13.525302521008403,208.67999999999998,16.106666666666666,10.735294117647058,6.4071428571428575,15.0,17.0,4.0,26.0,0.5706806282722513,18.301038062283737,56.1764705882353,0.0,16.666666666666668,79.66666666666667,0.6666666666666666,3.6,2.8666666666666667,11.4,0.10444874274661509,0.7733333333333333,244.88,-3.280000000000001,2.0,1.0,1.0,0.0,145.3,129.3,9.08125,8.08125,32.0,161.62543,143.70659255981445,257.70666666666665,244.88
00-0036727,2024,Adam Prentice,NO,9,0.5820000000000001,3.39,0.4000000000000001,0.7999999999999999,1.02,6.0,6.0,3.0,26.0,0.5580110497237569,20.647058823529413,63.88235294117647,0.0,0.3333333333333333,2.0,0.0,0.5,0.3333333333333333,2.0,0.0051813471502590676,0.14384615384615385,5.39,-2.9899999999999993,11.0,0.0,0.0,0.0,0.0,0.0,0.0,0.0,0.0,1.7402565,0.885036826133728,6.400000000000001,5.39
00-0036727,2025,Adam Prentice,DEN,15,0.2,1.2000000000000002,0.0,0.4000000000000001,0.7999999999999999,9.0,6.0,4.0,26.0,0.5543259557344065,19.629757785467127,58.470588235294116,1.0,0.0,0.0,0.0,0.4444444444444444,0.0,0.0,0.007736943907156673,0.24941176470588236,5.79,-5.79,8.0,0.0,0.0,0.0,16.0,13.0,1.0666666666666667,0.8666666666666667,6.0,11.209459,9.076352596282959,0.0,5.79
00-0036875,2024,Rhamondre Stevenson,NE,15,12.641651583710408,174.64,12.141666666666666,14.65294117647059,9.607692307692307,12.0,17.0,3.0,26.0,0.573045267489712,17.366782006920417,57.1764705882353,0.0,13.0,51.583333333333336,0.3333333333333333,4.25,3.1666666666666665,19.833333333333332,0.09426987060998152,0.6233333333333334,153.27,-7.570000000000022,5.0,1.0,0.0,0.0,175.9,159.4,11.726666666666667,10.626666666666667,33.0,207.79343,186.86787796020508,194.26666666666665,153.27
00-0036875,2025,Rhamondre Stevenson,NE,18,12.143794117647058,174.16,11.726666666666667,12.141666666666666,14.65294117647059,15.0,12.0,4.0,26.0,0.5436793422404933,18.356401384083046,57.23529411764706,0.0,13.8,53.4,0.4666666666666667,2.7333333333333334,2.2,11.2,0.0823293172690763,0.6153333333333334,183.45,-7.549999999999983,2.0,0.0,0.0,0.0,231.1,209.1,12.838888888888889,11.616666666666667,44.0,111.71408,101.65714359283447,187.62666666666667,183.45
00-0036893,2024,Najee Harris,PIT,18,12.42148366013072,219.608,11.261111111111113,13.262352941176472,16.86111111111111,18.0,17.0,3.0,26.0,0.5165876777251185,18.84313725490196,58.611111111111114,0.0,14.833333333333334,59.55555555555556,0.4444444444444444,2.2777777777777777,1.7222222222222223,10.277777777777779,0.07854406130268199,0.5322222222222223,210.46,-7.759999999999991,0.0,0.0,0.0,0.0,213.4,193.9,11.855555555555556,10.772222222222222,39.0,111.12617,98.90803241729736,180.1777777777778,210.46
00-0036906,2024,Khalil Herbert,CIN,11,8.836586538461539,110.72999999999999,9.375,9.061538461538461,4.93125,12.0,13.0,3.0,26.0,0.4937439846005775,20.048442906574394,61.11764705882353,1.0,11.0,50.916666666666664,0.16666666666666666,2.5833333333333335,1.6666666666666667,11.166666666666666,0.06581740976645435,0.4566666666666667,122.58,-10.079999999999998,5.0,0.0,0.0,0.0,31.5,26.5,2.8636363636363638,2.409090909090909,10.0,88.8614,81.78608322143555,150.0,122.58
00-0036906,2025,Khalil Herbert,NYJ,5,5.436835664335664,64.43,2.8636363636363638,9.375,9.061538461538461,11.0,12.0,4.0,26.0,0.6317829457364341,22.463667820069205,60.705882352941174,1.0,3.272727272727273,11.818181818181818,0.09090909090909091,1.0,0.9090909090909091,2.272727272727273,0.017543859649122806,0.135,45.53,-14.030000000000001,6.0,0.0,0.0,0.0,6.6000000000000005,6.1000000000000005,1.32,1.2200000000000002,1.0,89.50626,79.00523376464844,45.81818181818182,45.53
00-0036919,2024,Kenneth Gainwell,PHI,21,6.2438529411764705,111.748,5.922352941176471,6.225,8.229411764705883,17.0,20.0,3.0,26.0,0.5320855614973262,21.310457516339866,62.333333333333336,0.0,5.176470588235294,21.58823529411765,0.11764705882352941,2.2941176470588234,1.8823529411764706,11.352941176470589,0.07001795332136446,0.40705882352941175,117.84,-17.159999999999997,0.0,0.0,0.0,0.0,72.4,62.900000000000006,3.447619047619048,2.9952380952380957,19.0,113.37245,100.01614570617676,94.75764705882354,117.84
00-0036919,2025,Kenneth Gainwell,PIT,18,4.46777731092437,86.09400000000001,3.447619047619048,5.922352941176471,6.225,21.0,17.0,4.0,26.0,0.4122137404580153,22.714285714285715,62.38095238095238,1.0,4.190476190476191,15.80952380952381,0.047619047619047616,1.1904761904761905,0.9047619047619048,6.761904761904762,0.04970178926441352,0.24047619047619045,93.78,-21.379999999999995,0.0,0.0,0.0,0.0,229.9,191.4,12.772222222222222,10.633333333333333,77.0,52.59426,42.99254608154297,55.161904761904765,93.78
00-0036973,2024,Travis Etienne,JAX,15,15.200825593395251,266.66666666666663,16.61176470588235,12.378947368421052,0.0,17.0,19.0,2.0,26.0,0.5774253731343284,20.79584775086505,63.05882352941177,0.0,15.705882352941176,59.294117647058826,0.6470588235294118,4.294117647058823,3.411764705882353,28.0,0.12026359143327842,0.7335294117647059,266.27,16.129999999999995,0.0,1.0,1.0,0.0,130.2,110.69999999999999,8.68,7.379999999999999,39.0,241.1447,220.85335731506348,265.7882352941176,266.27
00-0036973,2025,Travis Etienne,JAX,18,11.42942414860681,186.35999999999999,8.68,16.61176470588235,12.378947368421052,15.0,17.0,3.0,26.0,0.56875,18.844290657439448,56.470588235294116,0.0,10.0,37.2,0.13333333333333333,3.466666666666667,2.6,16.933333333333334,0.09961685823754789,0.5393333333333333,162.02,-31.82000000000002,2.0,0.0,0.0,0.0,276.5,256.0,15.36111111111111,14.222222222222221,41.0,132.1816,116.87820339202881,138.88,162.02
00-0036984,2024,Trey Sermon,IND,15,2.7525510204081636,21.442857142857143,2.5375,0.0,4.042857142857143,8.0,0.0,1.0,26.0,0.5451092117758785,20.557093425605537,61.94117647058823,0.0,4.375,20.0,0.0,0.75,0.375,1.625,0.01098901098901099,0.1142857142857143,26.81,-6.509999999999998,9.0,0.0,0.0,0.0,53.800000000000004,45.800000000000004,3.586666666666667,3.0533333333333337,16.0,67.37675,62.94108295440674,40.6,26.81
00-0036997,2024,Javonte Williams,DEN,18,11.075294117647058,140.60999999999999,11.2,10.5,12.052941176470588,16.0,4.0,3.0,26.0,0.5360501567398119,18.570934256055363,56.294117647058826,0.0,13.5625,48.375,0.1875,3.625,2.9375,14.25,0.12236286919831224,0.48062499999999997,216.97,-37.77000000000001,1.0,1.0,0.0,0.0,164.20000000000002,137.20000000000002,9.122222222222224,7.622222222222224,54.0,113.89902,94.42346572875977,179.2,216.97
00-0036997,2025,Javonte Williams,DAL,16,9.883333333333333,156.48000000000002,9.122222222222224,11.2,10.5,18.0,16.0,4.0,26.0,0.556497175141243,19.372549019607842,59.0,1.0,8.11111111111111,30.11111111111111,0.2222222222222222,4.0,3.0,20.0,0.12811387900355872,0.5338888888888889,200.23,-36.02999999999997,0.0,1.0,0.0,0.0,242.8,225.3,15.175,14.08125,35.0,92.70883,79.00034523010254,145.95555555555558,200.23
00-0037085,2025,Tyler Badie,DEN,18,2.55,10.2,2.55,0.0,0.0,4.0,0.0,1.0,26.0,0.556497175141243,19.372549019607842,59.0,0.0,3.25,23.5,0.0,0.75,0.75,-0.5,0.005338078291814947,0.0975,9.54,0.6600000000000001,13.0,0.0,0.0,0.0,37.5,27.5,2.0833333333333335,1.5277777777777777,20.0,50.46723,45.79187059402466,40.8,9.54
00-0037120,2024,Tyler Goodson,IND,14,3.016666666666667,18.1,3.016666666666667,0.0,0.0,6.0,0.0,1.0,26.0,0.5451092117758785,20.557093425605537,61.94117647058823,0.0,2.1666666666666665,14.5,0.0,1.5,1.0,5.666666666666667,0.016483516483516484,0.12333333333333334,22.95,-4.849999999999998,11.0,0.0,0.0,0.0,44.4,38.9,3.1714285714285713,2.7785714285714285,11.0,53.98769,46.98063659667969,48.26666666666667,22.95
00-0037120,2025,Tyler Goodson,IND,10,3.1198412698412694,35.63333333333334,3.1714285714285713,3.016666666666667,0.0,14.0,6.0,2.0,26.0,0.5084241823587711,20.51903114186851,59.35294117647059,0.0,2.2857142857142856,10.928571428571429,0.07142857142857142,1.0714285714285714,0.7857142857142857,4.357142857142857,0.03048780487804878,0.12625,42.61,1.7899999999999991,3.0,0.0,0.0,0.0,5.2,4.2,0.52,0.42000000000000004,2.0,42.77882,34.92569971084595,50.74285714285714,42.61
00-0037197,2024,Isiah Pacheco,KC,10,13.22740740740741,243.86666666666667,15.511111111111111,8.66,0.0,18.0,20.0,2.0,26.0,0.5931818181818181,21.6218487394958,62.857142857142854,0.0,15.88888888888889,69.33333333333333,0.5555555555555556,3.388888888888889,3.111111111111111,16.88888888888889,0.08344733242134063,0.6394444444444445,290.35,-11.150000000000034,0.0,0.0,0.0,0.0,65.30000000000001,57.80000000000001,6.530000000000001,5.780000000000001,15.0,180.64088,161.77280235290527,248.17777777777778,290.35
00-0037197,2025,Isiah Pacheco,KC,13,9.437333333333335,140.26,6.530000000000001,15.511111111111111,8.66,10.0,18.0,3.0,26.0,0.5696413678065054,19.9,59.95,0.0,9.6,34.7,0.1,2.1,1.5,9.6,0.03225806451612903,0.434,93.36,-28.059999999999988,7.0,0.0,0.0,0.0,87.30000000000001,77.80000000000001,6.715384615384616,5.984615384615386,19.0,110.43059,102.1585111618042,104.48000000000002,93.36
00-0037228,2024,Jaylen Warren,PIT,16,9.491898148148149,166.9666666666667,11.322222222222223,5.83125,0.0,18.0,16.0,2.0,26.0,0.5165876777251185,18.84313725490196,58.611111111111114,0.0,8.722222222222221,45.666666666666664,0.2222222222222222,4.222222222222222,3.5,21.444444444444443,0.14559386973180077,0.48277777777777775,196.68,7.1200000000000045,0.0,1.0,0.0,0.0,130.6,109.6,8.1625,6.85,42.0,132.67499,113.15428733825684,181.15555555555557,196.68
00-0037228,2025,Jaylen Warren,PIT,17,8.877291666666666,148.83,8.1625,11.322222222222223,5.83125,16.0,18.0,3.0,26.0,0.4925373134328358,19.84313725490196,59.55555555555556,0.0,7.625,32.3125,0.0625,3.25,2.625,20.5625,0.10721649484536082,0.455,140.18,-9.580000000000013,1.0,0.0,0.0,0.0,222.8,202.3,13.105882352941178,11.9,41.0,125.82407,110.84538269042969,130.6,140.18
00-0037248,2024,James Cook,BUF,19,11.192884990253413,210.5,13.542105263157895,6.4944444444444445,0.0,19.0,18.0,2.0,26.0,0.525974025974026,22.495356037151705,64.84210526315789,0.0,14.368421052631579,66.42105263157895,0.10526315789473684,3.3157894736842106,2.736842105263158,24.789473684210527,0.10310965630114566,0.5494736842105263,260.52,-3.2199999999999704,0.0,0.0,0.0,0.0,324.3,305.3,17.068421052631578,16.068421052631578,38.0,161.59015,143.33595848083496,216.67368421052632,260.52
00-0037248,2025,James Cook,BUF,19,14.95312865497076,283.46000000000004,17.068421052631578,13.542105263157895,6.4944444444444445,19.0,19.0,3.0,26.0,0.5008319467554077,21.47352941176471,60.1,0.0,13.68421052631579,67.42105263157895,1.0,2.3157894736842106,2.0,16.94736842105263,0.07692307692307693,0.47631578947368425,258.25,66.05000000000001,0.0,0.0,0.0,0.0,323.4,304.9,17.021052631578947,16.04736842105263,37.0,241.63808,223.38968467712402,273.09473684210525,258.25
00-0037256,2024,Rachaad White,TB,16,13.19805068226121,247.93333333333334,15.552631578947368,8.488888888888889,0.0,19.0,18.0,2.0,26.0,0.5718085106382979,19.959752321981426,59.36842105263158,0.0,15.736842105263158,58.78947368421053,0.3157894736842105,4.105263157894737,3.6315789473684212,30.94736842105263,0.125,0.7794736842105263,281.97,13.529999999999973,0.0,1.0,1.0,0.0,203.1,176.6,12.69375,11.0375,53.0,194.98529,176.51789093017578,248.8421052631579,281.97
00-0037256,2025,Rachaad White,TB,17,13.130928362573098,225.78999999999996,12.69375,15.552631578947368,8.488888888888889,16.0,19.0,3.0,26.0,0.5374087591240876,23.950980392156865,60.888888888888886,0.0,9.0625,38.375,0.1875,3.6875,3.3125,25.4375,0.10172413793103448,0.5547058823529412,182.44,20.659999999999997,1.0,1.0,0.0,0.0,143.0,123.0,8.411764705882353,7.235294117647059,40.0,200.39917,179.8742847442627,203.1,182.44
00-0037258,2024,Dameon Pierce,HOU,12,7.712500000000001,110.60000000000001,5.16875,12.8,0.0,16.0,13.0,2.0,26.0,0.5746003552397868,21.105263157894736,59.26315789473684,0.0,9.25,26.0,0.125,1.0625,0.8125,6.3125,0.027463651050080775,0.289375,117.44,-34.739999999999995,1.0,0.0,0.0,0.0,46.0,45.0,3.8333333333333335,3.75,2.0,83.113205,78.23413372039795,82.7,117.44
00-0037258,2025,Dameon Pierce,KC,5,5.130625,69.05,3.8333333333333335,5.16875,12.8,12.0,16.0,3.0,26.0,0.5593971631205674,20.758513931888547,59.36842105263158,1.0,3.8333333333333335,26.5,0.16666666666666666,0.4166666666666667,0.16666666666666666,0.16666666666666666,0.008237232289950576,0.16076923076923075,28.790000000000003,17.209999999999997,5.0,0.0,0.0,0.0,3.6,3.6,0.72,0.72,0.0,107.48306,99.67791414260864,61.333333333333336,28.790000000000003
00-0037263,2024,Tyler Allgeier,ATL,17,8.716911764705884,144.86666666666667,8.094117647058823,9.9625,0.0,17.0,16.0,2.0,26.0,0.5038022813688213,20.53287197231834,61.88235294117647,0.0,10.941176470588236,40.1764705882353,0.23529411764705882,1.3529411764705883,1.0588235294117647,11.352941176470589,0.04554455445544554,0.3223529411764706,142.93,-5.3300000000000125,0.0,0.0,0.0,0.0,106.2,99.7,6.247058823529412,5.864705882352942,13.0,112.41585,104.2892427444458,129.50588235294117,142.93
00-0037263,2025,Tyler Allgeier,ATL,17,7.172720588235294,120.94,6.247058823529412,8.094117647058823,9.9625,17.0,17.0,3.0,26.0,0.530360531309298,22.498269896193772,62.0,0.0,8.058823529411764,37.88235294117647,0.17647058823529413,0.7647058823529411,0.7647058823529411,5.176470588235294,0.02411873840445269,0.24941176470588236,105.6,0.6000000000000085,0.0,0.0,0.0,0.0,123.0,116.0,7.235294117647059,6.823529411764706,14.0,114.85912,105.85728073120117,99.95294117647059,105.6
00-0037267,2024,Jerome Ford,CLE,14,8.119658119658121,146.00000000000003,12.133333333333333,0.09230769230769233,0.0,18.0,13.0,2.0,26.0,0.554635761589404,20.88562091503268,67.11111111111111,0.0,11.833333333333334,46.111111111111114,0.2222222222222222,3.7222222222222223,2.6666666666666665,18.555555555555557,0.1046875,0.5111111111111111,213.02,5.3799999999999955,0.0,1.0,0.0,0.0,134.0,115.5,9.571428571428571,8.25,37.0,106.73714,92.73524570465088,194.13333333333333,213.02
00-0037267,2025,Jerome Ford,CLE,13,9.392087912087911,146.04,9.571428571428571,12.133333333333333,0.09230769230769233,14.0,18.0,3.0,26.0,0.6283269961977186,18.986159169550174,61.88235294117647,0.0,7.428571428571429,40.357142857142854,0.21428571428571427,3.0714285714285716,2.642857142857143,16.071428571428573,0.06782334384858044,0.54,115.43,18.569999999999993,3.0,0.0,0.0,0.0,43.6,30.6,3.353846153846154,2.353846153846154,26.0,171.27017,151.756196975708,153.14285714285714,115.43
00-0037276,2024,Ty Chandler,MIN,15,6.3125,101.0,6.3125,0.0,0.0,16.0,0.0,1.0,26.0,0.6168132942326491,21.612456747404845,60.1764705882353,0.0,6.375,28.8125,0.1875,1.5625,1.3125,9.9375,0.04187604690117253,0.27588235294117647,94.62,6.3799999999999955,1.0,0.0,0.0,0.0,28.400000000000002,25.400000000000002,1.8933333333333335,1.6933333333333336,6.0,159.39873,143.68036079406738,101.0,94.62
00-0037429,2024,Raheem Blackshear,CAR,16,2.4205128205128212,26.400000000000002,1.9000000000000001,3.4615384615384617,0.0,9.0,13.0,2.0,26.0,0.5685131195335277,17.363321799307958,60.529411764705884,0.0,1.5555555555555556,5.111111111111111,0.0,0.7777777777777778,0.6666666666666666,5.0,0.013108614232209739,0.06583333333333334,16.7,0.40000000000000213,8.0,0.0,0.0,0.0,8.0,8.0,0.5,0.5,0.0,30.066967,26.753641366958618,30.400000000000002,16.7
00-0037525,2024,Jordan Mason,SF,12,2.6482142857142863,40.800000000000004,2.79375,2.357142857142857,0.0,16.0,14.0,2.0,26.0,0.5084745762711864,23.9,59.0,0.0,2.5,12.875,0.1875,0.25,0.1875,1.9375,0.007246376811594203,0.08099999999999999,27.44,17.26,1.0,0.0,0.0,0.0,115.0,109.5,9.583333333333334,9.125,11.0,117.67436,108.11271286010742,44.7,27.44
00-0037525,2025,Jordan Mason,MIN,16,6.8238392857142856,85.71,9.583333333333334,2.79375,2.357142857142857,12.0,16.0,3.0,26.0,0.5411167512690356,22.70242214532872,57.94117647058823,1.0,12.75,65.75,0.25,1.1666666666666667,0.9166666666666666,7.583333333333333,0.029045643153526972,0.48666666666666664,118.39,-3.3900000000000006,5.0,0.0,0.0,0.0,128.9,121.9,8.05625,7.61875,14.0,86.89354,80.49203634262085,153.33333333333334,118.39
00-0037557,2024,Ronnie Rivers,LA,7,2.75,27.5,2.75,0.0,0.0,10.0,0.0,1.0,26.0,0.5561545372866128,22.15686274509804,61.833333333333336,0.0,3.5,13.8,0.0,0.8,0.8,5.7,0.013582342954159592,0.165,28.46,-0.9600000000000009,7.0,0.0,0.0,0.0,19.099999999999998,16.599999999999998,2.728571428571428,2.371428571428571,5.0,95.25124,87.61317873001099,44.0,28.46
00-0037557,2025,Ronnie Rivers,LA,9,2.7357142857142853,21.900000000000002,2.728571428571428,2.75,0.0,7.0,10.0,2.0,26.0,0.5609973285841496,20.41795665634675,59.10526315789474,0.0,3.5714285714285716,15.285714285714286,0.0,0.8571428571428571,0.7142857142857143,4.857142857142857,0.009819967266775777,0.07263157894736842,20.509999999999998,-1.4100000000000001,10.0,0.0,0.0,0.0,4.6000000000000005,4.6000000000000005,0.5111111111111112,0.5111111111111112,0.0,43.045986,38.20552062988281,43.65714285714285,20.509999999999998
00-0037594,2025,Julius Chestnut,TEN,16,1.1476190476190478,12.585714285714287,1.1083333333333334,0.0,1.3833333333333335,12.0,0.0,1.0,26.0,0.5408163265306123,18.94809688581315,57.64705882352941,0.0,1.8333333333333333,8.5,0.0,0.25,0.16666666666666666,0.9166666666666666,0.005928853754940711,0.07117647058823529,17.009999999999998,-3.7099999999999973,5.0,0.0,0.0,0.0,4.0,4.0,0.25,0.25,0.0,53.811832,48.89500856399536,17.733333333333334,17.009999999999998
00-0037617,2025,Hassan Haskins,LAC,12,2.460910518053375,32.25714285714286,2.5615384615384613,0.0,1.8571428571428572,13.0,0.0,1.0,26.0,0.5298726738491675,19.84313725490196,56.72222222222222,0.0,2.6923076923076925,7.230769230769231,0.15384615384615385,0.3076923076923077,0.23076923076923078,3.769230769230769,0.007722007722007722,0.12166666666666666,42.16,-8.86,4.0,0.0,0.0,0.0,10.0,8.0,0.8333333333333334,0.6666666666666666,4.0,36.807316,31.948391437530518,40.98461538461538,42.16
00-0037746,2024,Brian Robinson,WAS,17,11.935000000000002,169.63333333333333,13.206666666666667,9.391666666666667,0.0,15.0,12.0,2.0,26.0,0.6398390342052314,19.951557093425606,58.470588235294116,0.0,11.866666666666667,48.86666666666667,0.3333333333333333,2.8666666666666667,2.4,24.533333333333335,0.07154742096505824,0.0,168.07,30.03,2.0,0.0,0.0,0.0,190.9,178.9,11.229411764705883,10.523529411764706,24.0,169.83038,152.91411209106445,211.30666666666667,168.07
00-0037746,2025,Brian Robinson,SF,19,11.638813725490197,185.24,11.229411764705883,13.206666666666667,9.391666666666667,17.0,15.0,3.0,26.0,0.5051383399209486,22.75294117647059,63.25,1.0,13.117647058823529,54.588235294117645,0.5882352941176471,1.7647058823529411,1.411764705882353,10.647058823529411,0.049099836333878884,0.0,215.26,-24.359999999999985,0.0,0.0,0.0,0.0,64.2,59.7,3.378947368421053,3.142105263157895,9.0,83.73893,77.4165711402893,179.67058823529413,215.26
00-0037840,2024,Kyren Williams,LA,18,14.758012820512823,185.5,20.23076923076923,3.8125,0.0,13.0,8.0,2.0,26.0,0.5561545372866128,22.15686274509804,61.833333333333336,0.0,18.53846153846154,92.6923076923077,0.9230769230769231,3.769230769230769,2.5384615384615383,16.53846153846154,0.0831918505942275,0.8146153846153846,247.41,15.590000000000003,4.0,1.0,1.0,0.0,299.8,280.8,16.655555555555555,15.600000000000001,38.0,191.59145,170.3038387298584,323.6923076923077,247.41
00-0037840,2025,Kyren Williams,LA,20,16.4438141025641,261.83,16.655555555555555,20.23076923076923,3.8125,18.0,13.0,3.0,26.0,0.5609973285841496,20.41795665634675,59.10526315789474,0.0,19.5,82.27777777777777,0.7777777777777778,2.5,2.111111111111111,10.944444444444445,0.07364975450081833,0.8716666666666666,292.83,6.970000000000027,0.0,0.0,1.0,0.0,320.6,298.6,16.03,14.930000000000001,44.0,253.25774,236.77130126953125,266.4888888888889,292.83
00-0038040,2024,Zamir White,LV,8,4.001864801864802,51.60000000000001,5.684615384615385,0.6363636363636365,0.0,13.0,11.0,2.0,26.0,0.5742268041237113,18.02076124567474,57.05882352941177,0.0,8.0,34.69230769230769,0.07692307692307693,1.4615384615384615,1.1538461538461537,7.538461538461538,0.035781544256120526,0.21294117647058824,86.98,-13.079999999999998,4.0,0.0,0.0,0.0,29.3,26.3,3.6625,3.2875,6.0,84.14714,77.49742889404297,90.95384615384616,86.98
00-0038040,2025,Zamir White,LV,5,3.966520979020979,40.45,3.6625,5.684615384615385,0.6363636363636365,8.0,13.0,3.0,26.0,0.6252465483234714,18.823529411764707,59.64705882352941,0.0,8.125,22.875,0.125,1.0,0.75,3.75,0.01353637901861252,0.305,47.199999999999996,-17.899999999999995,9.0,0.0,0.0,0.0,9.6,7.6,1.92,1.52,4.0,114.507675,103.57806587219238,58.6,47.199999999999996
00-0038098,2024,Pierre Strong,CLE,13,2.69,37.6,2.675,2.7199999999999998,0.0,16.0,10.0,2.0,26.0,0.554635761589404,20.88562091503268,67.11111111111111,0.0,3.9375,18.1875,0.0625,0.5,0.3125,2.9375,0.0125,0.14352941176470588,47.8,-5.0,1.0,0.0,0.0,0.0,35.2,28.200000000000003,2.707692307692308,2.1692307692307695,14.0,45.512524,40.791690826416016,42.8,47.8
00-0038120,2024,Breece Hall,NYJ,16,16.87310924369748,232.03333333333333,17.08823529411765,16.442857142857143,0.0,17.0,7.0,2.0,26.0,0.6085192697768763,17.29757785467128,58.0,0.0,13.117647058823529,58.470588235294116,0.29411764705882354,5.588235294117647,4.470588235294118,34.76470588235294,0.16903914590747332,0.591764705882353,243.12,47.379999999999995,0.0,1.0,0.0,0.0,240.9,212.4,15.05625,13.275,57.0,267.74936,240.89886283874512,273.4117647058824,243.12
00-0038120,2025,Breece Hall,NYJ,16,15.804506302521009,243.2,15.05625,17.08823529411765,16.442857142857143,16.0,17.0,3.0,26.0,0.6264189886480909,19.224913494809687,57.0,0.0,13.0625,54.75,0.3125,4.75,3.5625,30.1875,0.12903225806451613,0.72375,237.04,3.8600000000000136,1.0,1.0,0.0,0.0,207.66,189.66,12.97875,11.85375,36.0,208.73041,185.87466049194336,240.9,237.04
00-0038134,2024,Kenneth Walker III,SEA,11,13.364305555555555,204.9666666666667,13.293333333333333,13.50625,0.0,15.0,16.0,2.0,26.0,0.6008359456635318,19.885813148788927,56.294117647058826,0.0,14.6,60.333333333333336,0.5333333333333333,2.466666666666667,1.9333333333333333,17.266666666666666,0.06764168190127971,0.542,196.78,2.6200000000000045,2.0,0.0,0.0,0.0,181.2,158.2,16.472727272727273,14.381818181818181,46.0,121.7089,110.77285099029541,212.69333333333333,196.78
00-0038134,2025,Kenneth Walker III,SEA,20,15.222261363636363,190.14999999999998,16.472727272727273,13.293333333333333,13.50625,11.0,15.0,3.0,26.0,0.6082051282051282,20.775086505190313,57.35294117647059,0.0,13.909090909090908,52.09090909090909,0.6363636363636364,4.818181818181818,4.181818181818182,27.181818181818183,0.09314586994727592,0.6327272727272727,179.49,1.7099999999999795,6.0,1.0,0.0,0.0,266.6,246.60000000000002,13.330000000000002,12.330000000000002,40.0,208.42949,186.20887756347656,263.56363636363636,179.49
00-0038396,2024,Eric Gray,NYG,14,1.3,13.0,1.3,0.0,0.0,10.0,0.0,1.0,26.0,0.5329218106995884,18.079584775086506,57.1764705882353,0.0,1.7,4.8,0.0,0.7,0.6,2.2,0.014462809917355372,0.07384615384615384,17.55,-4.550000000000001,7.0,0.0,0.0,0.0,19.3,14.3,1.3785714285714286,1.0214285714285716,10.0,42.87266,39.14145851135254,20.8,17.55
00-0038454,2024,Keaton Mitchell,BAL,5,9.985714285714286,69.9,9.985714285714286,0.0,0.0,7.0,0.0,1.0,26.0,0.4800347222222222,22.526315789473685,60.63157894736842,0.0,6.714285714285714,56.57142857142857,0.2857142857142857,1.5714285714285714,1.2857142857142858,13.285714285714286,0.02099236641221374,0.245,41.64,28.260000000000005,10.0,0.0,0.0,0.0,6.800000000000001,6.300000000000001,1.36,1.2600000000000002,1.0,123.462265,115.71477842330933,159.77142857142857,41.64
00-0038454,2025,Keaton Mitchell,BAL,13,4.2352380952380955,27.83333333333334,1.36,9.985714285714286,0.0,5.0,7.0,2.0,26.0,0.4520311149524633,25.640866873065015,60.89473684210526,0.0,3.0,6.0,0.0,0.2,0.2,5.6,0.0020161290322580645,0.07714285714285715,8.77,-1.9699999999999989,12.0,0.0,0.0,0.0,55.4,50.9,4.2615384615384615,3.9153846153846152,9.0,86.02555,77.44855499267578,21.76,8.77
00-0038542,2024,Bijan Robinson,ATL,17,14.488235294117649,246.3,14.488235294117647,0.0,0.0,17.0,0.0,1.0,26.0,0.5038022813688213,20.53287197231834,61.88235294117647,0.0,12.588235294117647,57.411764705882355,0.23529411764705882,5.0588235294117645,3.411764705882353,28.647058823529413,0.1702970297029703,0.68,255.97,-9.669999999999987,0.0,1.0,0.0,0.0,341.7,311.2,20.099999999999998,18.305882352941175,61.0,195.12216,172.56461715698242,231.81176470588235,255.97
00-0038542,2025,Bijan Robinson,ATL,17,18.229411764705883,309.9,20.099999999999998,14.488235294117647,0.0,17.0,17.0,2.0,26.0,0.530360531309298,22.498269896193772,62.0,0.0,17.88235294117647,85.6470588235294,0.8235294117647058,4.235294117647059,3.588235294117647,25.352941176470587,0.13358070500927643,0.7535294117647059,308.74,32.95999999999998,0.0,1.0,1.0,0.0,370.8,331.3,21.811764705882354,19.488235294117647,79.0,241.64153,219.83757781982422,321.59999999999997,308.74
00-0038551,2024,Kendre Miller,NO,6,6.185714285714285,43.3,6.185714285714285,0.0,0.0,7.0,0.0,1.0,26.0,0.5580110497237569,20.647058823529413,63.88235294117647,0.0,5.857142857142857,22.285714285714285,0.14285714285714285,1.5714285714285714,1.4285714285714286,16.714285714285715,0.018998272884283247,0.20375,38.99,4.309999999999995,10.0,0.0,0.0,0.0,29.1,26.6,4.8500000000000005,4.433333333333334,5.0,62.483543,54.87914705276489,98.97142857142856,38.99
00-0038551,2025,Kendre Miller,NO,7,5.295238095238095,33.833333333333336,4.8500000000000005,6.185714285714285,0.0,6.0,7.0,2.0,26.0,0.5543259557344065,19.629757785467127,58.470588235294116,0.0,6.5,24.666666666666668,0.16666666666666666,1.3333333333333333,0.8333333333333334,5.5,0.015473887814313346,0.27999999999999997,31.650000000000002,-2.5500000000000007,11.0,0.0,0.0,0.0,33.3,30.799999999999997,4.757142857142857,4.3999999999999995,5.0,81.99229,74.82157564163208,77.60000000000001,31.650000000000002
00-0038555,2024,Tank Bigsby,JAX,16,1.9076923076923078,24.8,1.9076923076923078,0.0,0.0,13.0,0.0,1.0,26.0,0.5774253731343284,20.79584775086505,63.05882352941177,0.0,3.8461538461538463,10.153846153846153,0.15384615384615385,0.3076923076923077,0.07692307692307693,0.46153846153846156,0.006589785831960461,0.12294117647058822,36.88,-12.080000000000002,4.0,0.0,0.0,0.0,129.0,125.5,8.0625,7.84375,7.0,53.66932,47.96521711349487,30.523076923076925,36.88
00-0038555,2025,Tank Bigsby,PHI,16,6.010897435897436,94.26666666666667,8.0625,1.9076923076923078,0.0,16.0,13.0,2.0,26.0,0.56875,18.844290657439448,56.470588235294116,1.0,10.5,47.875,0.4375,0.75,0.4375,3.375,0.022988505747126436,0.36125,123.52,5.480000000000004,1.0,0.0,0.0,0.0,55.7,54.2,3.48125,3.3875,3.0,58.094257,55.00252938270569,129.0,123.52
00-0038597,2024,Chase Brown,CIN,16,4.458333333333333,53.50000000000001,4.458333333333333,0.0,0.0,12.0,0.0,1.0,26.0,0.6162324649298597,20.013840830449826,58.705882352941174,0.0,3.6666666666666665,14.916666666666666,0.0,1.25,1.1666666666666667,13.0,0.02533783783783784,0.11833333333333333,44.16,9.340000000000003,5.0,0.0,0.0,0.0,255.0,228.0,15.9375,14.25,54.0,74.980034,67.63562679290771,71.33333333333333,44.16
00-0038597,2025,Chase Brown,CIN,17,12.111111111111112,187.83333333333337,15.9375,4.458333333333333,0.0,16.0,12.0,2.0,26.0,0.6317829457364341,22.463667820069205,60.705882352941174,0.0,14.3125,61.875,0.4375,4.0625,3.375,22.5,0.10366826156299841,0.6275000000000001,256.7,-1.6999999999999886,1.0,1.0,0.0,0.0,282.6,248.10000000000002,16.623529411764707,14.594117647058825,69.0,175.12166,156.06146430969238,255.0,256.7
00-0038611,2024,Chris Rodriguez Jr.,WAS,7,4.211111111111112,37.900000000000006,4.211111111111112,0.0,0.0,9.0,0.0,1.0,26.0,0.6398390342052314,19.951557093425606,58.470588235294116,0.0,5.666666666666667,27.444444444444443,0.2222222222222222,0.2222222222222222,0.2222222222222222,1.3333333333333333,0.0033277870216306157,0.0,36.300000000000004,1.6000000000000014,8.0,0.0,0.0,0.0,31.5,31.0,4.5,4.428571428571429,1.0,77.7175,70.66329622268677,67.3777777777778,36.300000000000004
00-0038611,2025,Chris Rodriguez Jr.,WAS,12,4.403703703703704,33.63333333333333,4.5,4.211111111111112,0.0,7.0,9.0,2.0,26.0,0.5051383399209486,22.75294117647059,63.25,0.0,5.0,24.714285714285715,0.2857142857142857,0.14285714285714285,0.14285714285714285,1.7142857142857142,0.0016366612111292963,0.0,26.99,4.510000000000002,10.0,0.0,0.0,0.0,92.0,90.5,7.666666666666667,7.541666666666667,3.0,75.932915,70.78704643249512,72.0,26.99
00-0038622,2024,Deuce Vaughn,DAL,5,2.5,15.0,2.5,0.0,0.0,6.0,0.0,1.0,26.0,0.5775492716366752,23.22222222222222,64.83333333333333,0.0,3.8333333333333335,6.666666666666667,0.0,1.1666666666666667,1.1666666666666667,6.666666666666667,0.010558069381598794,0.12571428571428572,23.919999999999998,-8.919999999999998,11.0,0.0,0.0,0.0,11.8,10.3,2.3600000000000003,2.06,3.0,48.335953,42.078640937805176,40.0,23.919999999999998
00-0038685,2024,Chris Brooks,GB,12,2.6500000000000004,10.600000000000001,2.6500000000000004,0.0,0.0,4.0,0.0,1.0,26.0,0.5617455896007428,23.794117647058826,59.833333333333336,1.0,4.75,26.5,0.0,0.0,0.0,0.0,0.0,0.054000000000000006,8.61,1.990000000000002,13.0,0.0,0.0,0.0,45.1,38.6,3.7583333333333333,3.216666666666667,13.0,69.40995,60.60202884674072,42.400000000000006,8.61
00-0038685,2025,Chris Brooks,GB,18,3.388888888888889,33.6,3.7583333333333333,2.6500000000000004,0.0,12.0,4.0,2.0,26.0,0.48530805687203793,21.895424836601308,58.611111111111114,0.0,3.0,15.25,0.08333333333333333,1.3333333333333333,1.0833333333333333,6.5,0.033542976939203356,0.199375,47.36,-2.259999999999998,5.0,0.0,0.0,0.0,36.4,29.4,2.022222222222222,1.6333333333333333,14.0,74.774315,67.40413284301758,60.13333333333333,47.36
00-0038705,2024,Emari Demercado,ARI,13,6.663636363636363,73.3,6.663636363636363,0.0,0.0,11.0,0.0,1.0,26.0,0.5419921875,20.01038062283737,60.23529411764706,0.0,5.2727272727272725,25.818181818181817,0.18181818181818182,2.727272727272727,1.9090909090909092,10.818181818181818,0.05555555555555555,0.3085714285714286,74.38,-1.0799999999999983,6.0,0.0,0.0,0.0,54.7,46.7,4.207692307692308,3.5923076923076924,16.0,94.61108,82.5522346496582,106.61818181818181,74.38
00-0038705,2025,Emari Demercado,ARI,12,5.026340326340327,60.900000000000006,4.207692307692308,6.663636363636363,0.0,13.0,11.0,2.0,26.0,0.5397614314115308,21.833910034602077,59.1764705882353,0.0,1.8461538461538463,17.153846153846153,0.07692307692307693,1.5384615384615385,1.2307692307692308,8.0,0.03824091778202677,0.2030769230769231,42.15,12.550000000000004,4.0,0.0,0.0,0.0,58.3,51.8,4.858333333333333,4.316666666666666,13.0,77.0734,68.2019510269165,67.32307692307693,42.15
00-0038738,2024,Hunter Luepke,DAL,14,1.27,12.7,1.27,0.0,0.0,10.0,0.0,1.0,26.0,0.5775492716366752,23.22222222222222,64.83333333333333,0.0,0.6,1.9,0.1,0.4,0.3,1.8,0.006033182503770739,0.12055555555555555,11.92,0.7799999999999994,7.0,0.0,0.0,0.0,26.900000000000002,20.900000000000002,1.9214285714285715,1.492857142857143,12.0,11.275265,8.53494381904602,20.32,11.92
00-0038738,2025,Hunter Luepke,DAL,14,1.7042857142857144,22.166666666666668,1.9214285714285715,1.27,0.0,14.0,10.0,2.0,26.0,0.5968045112781954,20.044982698961938,62.588235294117645,0.0,0.8571428571428571,2.7142857142857144,0.0,1.1428571428571428,0.8571428571428571,7.928571428571429,0.025848142164781908,0.3025,32.79,-5.889999999999997,3.0,0.0,0.0,0.0,37.0,30.5,2.642857142857143,2.1785714285714284,13.0,21.460773,17.390474319458008,30.742857142857144,32.79
00-0038794,2024,Jaleel McLaughlin,DEN,17,6.235294117647059,106.0,6.235294117647059,0.0,0.0,17.0,0.0,1.0,26.0,0.5360501567398119,18.570934256055363,56.294117647058826,0.0,4.470588235294118,24.11764705882353,0.058823529411764705,2.1176470588235294,1.8235294117647058,9.411764705882353,0.0759493670886076,0.18588235294117647,94.88,11.120000000000005,0.0,0.0,0.0,0.0,98.0,85.5,5.764705882352941,5.029411764705882,25.0,120.01793,107.03848838806152,99.76470588235294,94.88
00-0038794,2025,Jaleel McLaughlin,DEN,10,5.921568627450981,100.66666666666667,5.764705882352941,6.235294117647059,0.0,17.0,17.0,2.0,26.0,0.556497175141243,19.372549019607842,59.0,0.0,6.764705882352941,29.058823529411764,0.058823529411764705,1.6470588235294117,1.4705882352941178,4.470588235294118,0.0498220640569395,0.27647058823529413,108.58,-10.579999999999998,0.0,0.0,0.0,0.0,35.8,33.3,3.5799999999999996,3.3299999999999996,5.0,69.40245,60.202229499816895,92.23529411764706,108.58
00-0038797,2024,Emanuel Wilson,GB,18,2.9285714285714284,20.5,2.9285714285714284,0.0,0.0,7.0,0.0,1.0,26.0,0.5608465608465608,21.139318885448915,59.68421052631579,0.0,3.7142857142857144,17.285714285714285,0.0,0.8571428571428571,0.7142857142857143,4.857142857142857,0.01020408163265306,0.09666666666666668,23.29,-2.789999999999999,10.0,0.0,0.0,0.0,99.9,93.9,5.550000000000001,5.216666666666667,12.0,50.664196,45.518535137176514,46.857142857142854,23.29
00-0038797,2025,Emanuel Wilson,GB,18,4.676190476190477,73.43333333333335,5.550000000000001,2.9285714285714284,0.0,18.0,7.0,2.0,26.0,0.48530805687203793,21.895424836601308,58.611111111111114,0.0,5.888888888888889,28.22222222222222,0.2222222222222222,0.9444444444444444,0.6666666666666666,3.9444444444444446,0.03563941299790356,0.23055555555555557,91.67999999999999,8.220000000000013,0.0,0.0,0.0,0.0,94.8,87.3,5.266666666666667,4.85,15.0,107.37079,99.13198471069336,88.80000000000001,91.67999999999999
00-0038951,2025,Sean Tucker,TB,17,4.041176470588235,68.7,4.041176470588235,0.0,0.0,17.0,0.0,1.0,26.0,0.5374087591240876,23.950980392156865,60.888888888888886,0.0,2.9411764705882355,18.11764705882353,0.11764705882352941,0.7058823529411765,0.5294117647058824,6.411764705882353,0.020689655172413793,0.08722222222222223,48.2,20.5,0.0,0.0,0.0,0.0,91.4,87.4,5.376470588235295,5.141176470588236,8.0,117.28874,107.97790431976318,64.65882352941176,48.2
00-0039021,2024,Roschon Johnson,CHI,13,6.806666666666667,102.1,6.806666666666667,0.0,0.0,15.0,0.0,1.0,26.0,0.4937439846005775,20.048442906574394,61.11764705882353,0.0,5.4,23.466666666666665,0.13333333333333333,2.6666666666666665,2.2666666666666666,13.933333333333334,0.08492569002123142,0.3953333333333333,108.53,-6.430000000000007,2.0,0.0,0.0,0.0,77.39999999999999,69.39999999999999,5.953846153846153,5.338461538461538,16.0,107.42589,96.2316083908081,108.90666666666667,108.53
00-0039021,2025,Roschon Johnson,CHI,6,6.2381196581196585,85.63333333333334,5.953846153846153,6.806666666666667,0.0,13.0,15.0,2.0,26.0,0.567703109327984,18.290657439446367,58.64705882352941,0.0,4.230769230769231,11.538461538461538,0.46153846153846156,1.5384615384615385,1.2307692307692308,8.0,0.03802281368821293,0.2814285714285714,76.02,1.3799999999999955,4.0,0.0,0.0,0.0,1.7000000000000002,1.7000000000000002,0.2833333333333334,0.2833333333333334,0.0,75.11163,64.84456539154053,95.26153846153845,76.02
00-0039032,2024,Tyjae Spears,TEN,12,9.047058823529412,153.8,9.047058823529412,0.0,0.0,17.0,0.0,1.0,26.0,0.5283422459893048,18.570934256055363,55.0,0.0,5.882352941176471,26.647058823529413,0.11764705882352941,4.117647058823529,3.0588235294117645,22.647058823529413,0.14675052410901468,0.5235294117647059,151.35,2.450000000000017,0.0,1.0,0.0,0.0,113.60000000000001,98.60000000000001,9.466666666666667,8.216666666666667,30.0,167.87622,144.56948852539062,144.75294117647059,151.35
00-0039032,2025,Tyjae Spears,TEN,13,9.326797385620916,127.00000000000001,9.466666666666667,9.047058823529412,0.0,12.0,17.0,2.0,26.0,0.5408163265306123,18.94809688581315,57.64705882352941,0.0,7.0,26.0,0.3333333333333333,2.9166666666666665,2.5,18.666666666666668,0.0691699604743083,0.4275,98.55,15.050000000000011,5.0,0.0,0.0,0.0,111.7,89.2,8.592307692307692,6.861538461538462,45.0,123.496925,108.98652076721191,151.46666666666667,98.55
00-0039040,2024,De'Von Achane,MIA,17,16.391666666666666,196.7,16.391666666666666,0.0,0.0,12.0,0.0,1.0,26.0,0.5617455896007428,23.794117647058826,59.833333333333336,0.0,9.083333333333334,67.41666666666667,0.6666666666666666,3.5833333333333335,2.5,18.166666666666668,0.07530647985989491,0.4275,141.16,55.53999999999999,5.0,1.0,0.0,0.0,299.9,260.9,17.641176470588235,15.34705882352941,78.0,236.58028,214.00392723083496,262.26666666666665,141.16
00-0039040,2025,De'Von Achane,MIA,16,17.22467320261438,265.5,17.641176470588235,16.391666666666666,0.0,17.0,12.0,2.0,26.0,0.5749027237354085,20.11764705882353,60.470588235294116,0.0,11.941176470588236,53.35294117647059,0.35294117647058826,5.117647058823529,4.588235294117647,34.8235294117647,0.1564748201438849,0.6241176470588234,274.92,24.97999999999996,0.0,1.0,0.0,0.0,322.8,289.3,20.175,18.08125,67.0,295.50162,267.0123462677002,282.25882352941176,274.92
00-0039139,2024,Jahmyr Gibbs,DET,18,16.272222222222226,292.90000000000003,16.272222222222226,0.0,0.0,18.0,0.0,1.0,26.0,0.5537509667440061,23.808823529411764,64.65,0.0,11.722222222222221,60.5,0.7222222222222222,4.722222222222222,3.5,22.77777777777778,0.12536873156342182,0.5361111111111111,285.08,7.82000000000005,0.0,1.0,0.0,0.0,398.4,369.4,22.133333333333333,20.522222222222222,58.0,230.89742,208.97812461853027,260.3555555555556,285.08
00-0039139,2025,Jahmyr Gibbs,DET,17,20.179629629629634,363.23333333333335,22.133333333333333,16.272222222222226,0.0,18.0,18.0,2.0,26.0,0.516100957354221,25.245098039215687,63.833333333333336,0.0,14.666666666666666,84.27777777777777,1.0,4.111111111111111,3.2222222222222223,32.611111111111114,0.13237924865831843,0.5638888888888889,327.38,71.01999999999998,0.0,1.0,0.0,0.0,366.90000000000003,328.40000000000003,21.582352941176474,19.317647058823532,77.0,222.00125,199.54557037353516,354.1333333333333,327.38
00-0039165,2024,Zach Charbonnet,SEA,17,6.63125,106.1,6.63125,0.0,0.0,16.0,0.0,1.0,26.0,0.6008359456635318,19.885813148788927,56.294117647058826,0.0,6.75,28.875,0.0625,2.5,2.0625,13.0625,0.07312614259597806,0.486875,123.23,-17.13000000000001,1.0,0.0,0.0,0.0,186.9,165.9,10.994117647058824,9.758823529411766,42.0,65.494194,55.70845603942871,106.1,123.23
00-0039165,2025,Zach Charbonnet,SEA,17,9.53982843137255,159.96666666666667,10.994117647058824,6.63125,0.0,17.0,16.0,2.0,26.0,0.6082051282051282,20.775086505190313,57.35294117647059,0.0,7.9411764705882355,33.470588235294116,0.47058823529411764,3.0588235294117645,2.4705882352941178,20.0,0.0913884007029877,0.5270588235294118,167.86,19.039999999999992,0.0,0.0,0.0,0.0,183.4,173.4,10.788235294117648,10.200000000000001,20.0,163.08359,143.3589038848877,175.90588235294118,167.86
00-0039361,2025,Bucky Irving,TB,10,14.483333333333333,260.7,14.483333333333333,0.0,0.0,18.0,0.0,1.0,26.0,0.5374087591240876,23.950980392156865,60.888888888888886,0.0,12.444444444444445,66.61111111111111,0.4444444444444444,3.0,2.7222222222222223,22.11111111111111,0.09310344827586207,0.4577777777777778,237.66,23.039999999999992,0.0,0.0,0.0,0.0,138.5,123.5,13.85,12.35,30.0,229.59941,207.7774486541748,231.73333333333332,237.66
00-0039363,2025,Isaac Guerendo,SF,7,6.0125,96.2,6.0125,0.0,0.0,16.0,0.0,1.0,26.0,0.5411167512690356,22.70242214532872,57.94117647058823,0.0,5.25,26.25,0.25,1.0,0.9375,9.5,0.03319502074688797,0.229375,76.26,19.939999999999998,1.0,0.0,0.0,0.0,0.0,0.0,0.0,0.0,0.0,152.98026,141.14280033111572,96.2,76.26
00-0039364,2025,Sione Vaki,DET,8,0.8999999999999999,8.1,0.8999999999999999,0.0,0.0,9.0,0.0,1.0,26.0,0.516100957354221,25.245098039215687,63.833333333333336,0.0,0.6666666666666666,1.5555555555555556,0.0,0.3333333333333333,0.3333333333333333,4.111111111111111,0.005366726296958855,0.020588235294117647,8.09,0.009999999999999787,8.0,0.0,0.0,0.0,0.4,0.4,0.05,0.05,0.0,31.084835,27.95727825164795,14.399999999999999,8.09
00-0039373,2025,Audric Estimé,NO,5,3.7461538461538457,48.7,3.746153846153846,0.0,0.0,13.0,0.0,1.0,26.0,0.556497175141243,19.372549019607842,59.0,1.0,5.846153846153846,23.846153846153847,0.15384615384615385,0.38461538461538464,0.38461538461538464,2.076923076923077,0.008896797153024912,0.0,48.980000000000004,-0.28000000000000114,4.0,0.0,0.0,0.0,48.1,42.1,9.620000000000001,8.42,12.0,54.50307,49.19283866882324,59.93846153846154,48.980000000000004
00-0039384,2025,Tyrone Tracy Jr.,NYG,15,10.723529411764707,182.3,10.723529411764707,0.0,0.0,17.0,0.0,1.0,26.0,0.5828402366863905,18.318339100346023,59.64705882352941,0.0,11.294117647058824,49.35294117647059,0.29411764705882354,3.1176470588235294,2.235294117647059,16.705882352941178,0.09566787003610108,0.5735294117647058,180.05,2.25,0.0,0.0,0.0,0.0,160.8,142.8,10.72,9.520000000000001,36.0,209.6816,195.6725673675537,171.5764705882353,180.05
00-0039391,2025,Kimani Vidal,LAC,14,3.6333333333333337,32.7,3.6333333333333337,0.0,0.0,9.0,0.0,1.0,26.0,0.5298726738491675,19.84313725490196,56.72222222222222,0.0,4.777777777777778,17.22222222222222,0.0,1.0,0.5555555555555556,6.888888888888889,0.017374517374517374,0.277,37.35,-4.649999999999999,8.0,0.0,0.0,0.0,125.0,116.0,8.928571428571429,8.285714285714286,18.0,90.52435,82.51934432983398,58.13333333333334,37.35
00-0039407,2025,Dylan Laube,LV,17,-0.3333333333333333,-2.0,-0.3333333333333333,0.0,0.0,6.0,0.0,1.0,26.0,0.6252465483234714,18.823529411764707,59.64705882352941,0.0,0.16666666666666666,0.0,0.0,0.0,0.0,0.0,0.0,0.004,0.51,-2.51,11.0,0.0,0.0,0.0,5.7,4.2,0.33529411764705885,0.24705882352941178,3.0,30.936161,26.204245567321777,-5.333333333333333,0.51
00-0039738,2025,Blake Corum,LA,20,2.2333333333333334,33.5,2.2333333333333334,0.0,0.0,15.0,0.0,1.0,26.0,0.5609973285841496,20.41795665634675,59.10526315789474,0.0,3.8666666666666667,13.8,0.0,0.5333333333333333,0.4666666666666667,3.8666666666666667,0.01309328968903437,0.11176470588235295,47.300000000000004,-13.800000000000004,2.0,0.0,0.0,0.0,142.8,136.3,7.140000000000001,6.815,13.0,61.43875,55.97603940963745,35.733333333333334,47.300000000000004
00-0039746,2025,Will Shipley,PHI,15,1.8374999999999997,29.399999999999995,1.8375,0.0,0.0,16.0,0.0,1.0,26.0,0.4122137404580153,22.714285714285715,62.38095238095238,0.0,2.125,9.9375,0.0625,0.25,0.25,2.1875,0.007952286282306162,0.05500000000000001,25.38,4.02,1.0,0.0,0.0,0.0,21.1,16.1,1.4066666666666667,1.0733333333333335,10.0,77.734634,70.31272315979004,29.4,25.38
00-0039794,2025,Braelon Allen,NYJ,4,5.011764705882353,85.2,5.011764705882353,0.0,0.0,17.0,0.0,1.0,26.0,0.6264189886480909,19.224913494809687,57.0,0.0,5.411764705882353,19.647058823529413,0.11764705882352941,1.588235294117647,1.1176470588235294,8.705882352941176,0.04584040747028863,0.26,85.92,-0.7199999999999989,0.0,0.0,0.0,0.0,15.3,14.3,3.825,3.575,2.0,177.35902,160.54079055786133,80.18823529411765,85.92
00-0039796,2025,Rasheen Ali,BAL,15,0.62,3.1,0.62,0.0,0.0,5.0,0.0,1.0,26.0,0.4520311149524633,25.640866873065015,60.89473684210526,0.0,2.0,6.2,0.0,0.4,0.0,0.0,0.004032258064516129,0.07833333333333334,8.19,-5.09,12.0,0.0,0.0,0.0,24.2,19.7,1.6133333333333333,1.3133333333333332,9.0,56.0396,51.28888416290283,9.92,8.19
00-0039798,2025,Isaiah Davis,NYJ,16,3.5307692307692307,45.9,3.5307692307692307,0.0,0.0,13.0,0.0,1.0,26.0,0.6264189886480909,19.224913494809687,57.0,0.0,2.3076923076923075,13.384615384615385,0.07692307692307693,0.9230769230769231,0.6923076923076923,5.769230769230769,0.02037351443123939,0.09999999999999999,35.81,10.089999999999996,4.0,0.0,0.0,0.0,71.2,60.7,4.45,3.79375,21.0,58.13902,52.06972694396973,56.49230769230769,35.81
00-0039874,2025,Jaylen Wright,MIA,9,2.0538461538461537,26.7,2.0538461538461537,0.0,0.0,13.0,0.0,1.0,26.0,0.5749027237354085,20.11764705882353,60.470588235294116,0.0,5.230769230769231,19.153846153846153,0.0,0.46153846153846156,0.23076923076923078,0.6153846153846154,0.01079136690647482,0.16999999999999998,44.52,-17.820000000000004,4.0,0.0,0.0,0.0,48.2,45.7,5.355555555555556,5.077777777777778,5.0,40.300182,37.202908754348755,32.86153846153846,44.52
00-0039875,2025,Ray Davis,BUF,19,6.285,125.7,6.285,0.0,0.0,20.0,0.0,1.0,26.0,0.5008319467554077,21.47352941176471,60.1,0.0,6.0,23.9,0.2,0.95,0.85,9.45,0.033216783216783216,0.2225,101.82,23.88000000000001,0.0,0.0,0.0,0.0,69.4,63.400000000000006,3.6526315789473687,3.336842105263158,12.0,124.363785,109.94721794128418,100.56,101.82
00-0039921,2025,Trey Benson,ARI,4,3.916666666666666,47.0,3.9166666666666665,0.0,0.0,12.0,0.0,1.0,26.0,0.5397614314115308,21.833910034602077,59.1764705882353,0.0,5.25,24.25,0.08333333333333333,0.5,0.5,4.916666666666667,0.011472275334608031,0.16692307692307692,43.08,3.9200000000000017,5.0,0.0,0.0,0.0,35.400000000000006,28.900000000000006,8.850000000000001,7.225000000000001,13.0,50.935463,47.359171867370605,62.666666666666664,43.08
