player_id,season,player_display_name,team,games_played,ppr_pg_weighted,ppr_total_weighted,ppr_pg_last,ppr_pg_2yr_ago,ppr_pg_3yr_ago,games_played_last,games_played_2yr_ago,career_seasons,age_at_season_start,team_pass_rate_last,team_pts_per_game_last,team_plays_per_game_last,team_changed_offseason,pass_att_pg_last,pass_tds_pg_last,pass_yds_pg_last,rush_att_pg_last,rush_yds_pg_last,xfp_ppr_last,ppr_minus_xfp_last,pass_tds_regressed_last,yards_per_attempt_last,ppr_pg_slope_last_3,fantasy_points_ppr,fantasy_points_half_ppr,fantasy_points_ppr_per_game,fantasy_points_half_ppr_per_game,receptions,projected_ppr,projected_half_ppr,naive_proj,xfp_proj
00-0023459,2025,Aaron Rodgers,PIT,17,14.94689075630252,254.09714285714287,15.092941176470587,0.0,14.070588235294117,17.0,0.0,1.0,26.0,0.6264189886480909,19.224913494809687,57.0,1.0,34.35294117647059,1.6470588235294117,229.23529411764707,1.2941176470588236,6.294117647058823,262.42,-5.840000000000032,1.6212484993997598,6.6729452054794525,0.5111764705882349,228.92,228.42,13.465882352941176,13.436470588235293,1.0,163.71,163.5419856607914,241.4870588235294,262.42
00-0026158,2024,Joe Flacco,IND,7,15.936000000000003,92.39333333333335,19.07,9.668000000000001,0.0,6.0,5.0,2.0,26.0,0.554635761589404,20.88562091503268,67.11111111111111,1.0,41.666666666666664,2.3333333333333335,320.5,2.0,2.5,110.87,3.549999999999997,2.1296296296296298,7.692,9.402,99.04,99.04,14.14857142857143,14.14857142857143,0.0,187.31386,187.17298193275928,305.12,110.87
00-0026158,2025,Joe Flacco,CIN,13,15.176942857142858,98.584,14.14857142857143,19.07,9.668000000000001,7.0,6.0,3.0,26.0,0.5084241823587711,20.51903114186851,59.35294117647059,1.0,35.42857142857143,1.7142857142857142,251.57142857142858,1.2857142857142858,3.7142857142857144,117.51,-18.47,1.6607142857142858,7.100806451612903,2.240285714285714,146.66,146.66,11.281538461538462,11.281538461538462,0.0,126.6909,126.48034839332104,226.37714285714287,117.51
00-0026498,2024,Matthew Stafford,LA,18,15.595892857142857,234.328,16.61125,12.042222222222223,20.164761904761903,16.0,9.0,12.0,26.0,0.5561545372866128,22.15686274509804,61.833333333333336,0.0,34.8125,1.625,270.75,1.3125,4.0625,296.34,-30.560000000000002,1.6095607661822986,7.77737881508079,-1.7767559523809524,250.3,250.3,13.905555555555557,13.905555555555557,0.0,238.54303,238.53730368381366,265.78,296.34
00-0026498,2025,Matthew Stafford,LA,20,14.530930555555557,240.752,13.905555555555557,16.61125,12.042222222222223,18.0,16.0,13.0,26.0,0.5609973285841496,20.41795665634675,59.10526315789474,0.0,32.666666666666664,1.3333333333333333,238.61111111111111,1.8888888888888888,2.5,273.40999999999997,-23.109999999999957,1.368020304568528,7.304421768707483,0.9316666666666666,411.32,411.32,20.566,20.566,0.0,209.1289,209.07261640951037,222.4888888888889,273.40999999999997
00-0027973,2025,Andy Dalton,CAR,4,10.200816326530614,75.42857142857143,9.826666666666666,0.0,12.445714285714287,6.0,0.0,1.0,26.0,0.5706806282722513,18.301038062283737,56.1764705882353,0.0,26.666666666666668,1.1666666666666667,164.83333333333334,1.8333333333333333,5.666666666666667,72.16,-13.199999999999996,1.1851851851851853,6.18125,-1.3095238095238102,9.52,9.52,2.38,2.38,0.0,99.72769,99.72346569923684,157.22666666666666,72.16
00-0029263,2024,Russell Wilson,PIT,12,16.52562857142857,246.14999999999998,17.126666666666665,15.050666666666666,17.344285714285714,15.0,15.0,12.0,26.0,0.5360501567398119,18.570934256055363,56.294117647058826,1.0,29.8,1.7333333333333334,204.66666666666666,5.333333333333333,22.733333333333334,257.55,-0.6500000000000341,1.6120556414219473,6.868008948545861,-0.10880952380952458,192.18,192.18,16.015,16.015,0.0,169.79616,169.74674551188946,274.02666666666664,257.55
00-0029263,2025,Russell Wilson,NYG,6,16.252066666666664,214.95399999999998,16.015,17.126666666666665,15.050666666666666,12.0,15.0,13.0,26.0,0.4925373134328358,19.84313725490196,59.55555555555556,1.0,30.416666666666668,1.5,229.33333333333334,3.8333333333333335,13.416666666666666,173.25,18.930000000000007,1.4535398230088497,7.53972602739726,0.4821666666666671,49.839999999999996,49.839999999999996,8.306666666666667,8.306666666666667,0.0,146.15854,145.96722230315208,256.24,173.25
00-0029604,2024,Kirk Cousins,ATL,14,18.397625,215.09799999999998,18.7175,17.633333333333333,18.77125,8.0,18.0,12.0,26.0,0.6168132942326491,21.612456747404845,60.1764705882353,1.0,38.875,2.25,291.375,1.75,3.125,160.86,-11.120000000000005,2.054060665362035,7.495176848874598,-0.02687499999999865,176.32,176.32,12.594285714285714,12.594285714285714,0.0,214.57697,214.54991442523897,299.48,160.86
00-0029604,2025,Kirk Cousins,ATL,10,14.935154761904762,182.45399999999998,12.594285714285714,18.7175,17.633333333333333,14.0,8.0,13.0,26.0,0.530360531309298,22.498269896193772,62.0,0.0,32.357142857142854,1.2857142857142858,250.57142857142858,1.6428571428571428,0.0,185.35999999999999,-9.039999999999992,1.3378910522861518,7.743929359823399,-2.5195238095238093,103.54,103.54,10.354000000000001,10.354000000000001,0.0,196.5128,196.48554301448166,201.50857142857143,185.35999999999999
00-0030565,2024,Geno Smith,SEA,17,15.794066666666666,238.024,15.150666666666666,17.822222222222223,13.57,15.0,18.0,3.0,26.0,0.6008359456635318,19.885813148788927,56.294117647058826,0.0,33.266666666666666,1.3333333333333333,241.6,2.466666666666667,10.333333333333334,244.21,-16.950000000000017,1.3801621363853125,7.2625250501002006,0.7903333333333329,266.0,266.0,15.647058823529411,15.647058823529411,0.0,217.52477,217.39836005866528,242.41066666666666,244.21
00-0030565,2025,Geno Smith,LV,15,15.715657516339867,259.858,15.647058823529411,15.150666666666666,17.822222222222223,17.0,15.0,4.0,26.0,0.6082051282051282,20.775086505190313,57.35294117647059,1.0,34.0,1.2352941176470589,254.11764705882354,3.1176470588235294,16.0,260.21,5.7900000000000205,1.3110539845758356,7.474048442906574,-1.0875816993464058,173.9,173.9,11.593333333333334,11.593333333333334,0.0,168.38034,168.27573382854462,250.35294117647058,260.21
00-0031280,2024,Derek Carr,NO,10,14.39927320261438,237.532,14.183529411764706,14.605333333333334,15.075555555555557,17.0,15.0,10.0,26.0,0.5580110497237569,20.647058823529413,63.88235294117647,0.0,32.23529411764706,1.4705882352941178,228.11764705882354,1.8823529411764706,2.3529411764705883,251.14,-10.019999999999982,1.46524064171123,7.076642335766423,-0.4460130718954254,150.9,150.9,15.09,15.09,0.0,184.99065,184.93398106470704,226.9364705882353,251.14
00-0031503,2024,Jameis Winston,CLE,11,4.104489795918368,27.022857142857145,1.9933333333333332,0.0,16.771428571428572,6.0,0.0,1.0,26.0,0.5580110497237569,20.647058823529413,63.88235294117647,1.0,7.833333333333333,0.3333333333333333,44.0,0.8333333333333334,-1.0,15.98,-4.020000000000001,0.3488529014844804,5.617021276595745,-7.38904761904762,131.14,131.14,11.92181818181818,11.92181818181818,0.0,44.72563,44.72563171386719,31.89333333333333,15.98
00-0031800,2024,Taylor Heinicke,LAC,4,13.178208333333332,96.674,13.2,12.884444444444444,13.92875,5.0,9.0,3.0,26.0,0.5038022813688213,20.53287197231834,61.88235294117647,1.0,27.2,1.0,178.0,3.0,24.8,58.870000000000005,7.1299999999999955,1.1333333333333333,6.544117647058823,-0.3643750000000008,3.12,3.12,0.78,0.78,0.0,74.95897,74.86233696341515,211.2,58.870000000000005
00-0032268,2025,Marcus Mariota,WAS,10,10.021714285714287,67.38857142857144,9.172,0.0,15.120000000000001,5.0,0.0,1.0,26.0,0.5051383399209486,22.75294117647059,63.25,0.0,8.8,0.8,72.8,4.0,18.6,39.1,6.760000000000005,0.4688524590163934,8.272727272727273,-2.974,125.5,125.5,12.55,12.55,0.0,103.336464,103.25335022807121,146.752,39.1
00-0033077,2024,Dak Prescott,DAL,8,19.720733893557423,331.91,20.747777777777777,17.545714285714286,20.083529411764708,18.0,14.0,8.0,26.0,0.5775492716366752,23.22222222222222,64.83333333333333,0.0,36.111111111111114,2.1666666666666665,273.27777777777777,3.388888888888889,15.944444444444445,400.37,-26.910000000000025,2.03921568627451,7.567692307692307,0.3321241830065347,116.52,116.52,14.565,14.565,0.0,215.81683,215.5624144077301,331.96444444444444,400.37
00-0033077,2025,Dak Prescott,DAL,17,16.717904761904762,206.51399999999998,14.565,20.747777777777777,17.545714285714286,8.0,18.0,9.0,26.0,0.5968045112781954,20.044982698961938,62.588235294117645,0.0,35.75,1.375,247.25,1.625,6.75,126.86000000000001,-10.340000000000018,1.47119341563786,6.916083916083916,-1.4903571428571434,313.78,313.78,18.45764705882353,18.45764705882353,0.0,254.3621,254.18176321685314,233.04,126.86000000000001
00-0033106,2024,Jared Goff,DET,18,16.573097478991595,308.074,16.944,16.72470588235294,13.892857142857142,20.0,17.0,8.0,26.0,0.5537509667440061,23.808823529411764,64.65,0.0,35.8,1.7,270.6,2.05,1.2,356.12,-17.24000000000001,1.6805676855895197,7.558659217877095,1.5255714285714284,333.68,333.18,18.537777777777777,18.51,1.0,306.19916,306.1450139954686,271.104,356.12
00-0033106,2025,Jared Goff,DET,17,17.878337254901957,330.304,18.537777777777777,16.944,16.72470588235294,18.0,20.0,9.0,26.0,0.516100957354221,25.245098039215687,63.833333333333336,0.0,32.166666666666664,2.111111111111111,274.55555555555554,2.0,3.5,327.01,6.670000000000016,1.9407359863072315,8.535405872193436,0.9065359477124186,297.06,297.06,17.474117647058822,17.474117647058822,0.0,270.42935,270.4184884391725,296.6044444444444,327.01
00-0033119,2025,Jacoby Brissett,ARI,14,7.260204081632653,62.86571428571429,6.4628571428571435,0.0,12.044285714285715,7.0,0.0,1.0,26.0,0.5436793422404933,18.356401384083046,57.23529411764706,1.0,23.0,0.2857142857142857,118.0,2.142857142857143,8.857142857142858,67.22,-21.979999999999997,0.700831024930748,5.130434782608695,-2.790714285714286,227.44,227.44,16.245714285714286,16.245714285714286,0.0,93.71609,93.68432705104351,103.4057142857143,67.22
00-0033319,2024,Nick Mullens,MIN,4,9.878666666666668,48.41333333333334,13.348000000000003,2.94,0.0,5.0,4.0,2.0,26.0,0.6168132942326491,21.612456747404845,60.1764705882353,0.0,29.6,1.4,261.2,2.0,5.0,69.3,-2.559999999999988,1.360919540229885,8.824324324324325,10.408000000000003,1.32,1.32,0.33,0.33,0.0,127.08149,126.98510344326496,213.56800000000004,69.3
00-0033319,2025,Nick Mullens,JAX,4,4.4964,21.990000000000002,0.33,13.348000000000003,2.94,4.0,5.0,3.0,26.0,0.5521126760563381,21.486928104575163,59.166666666666664,1.0,0.5,0.0,9.5,0.75,-0.5,0.25,1.07,0.022277227722772276,19.0,-1.305,-0.04000000000000009,-0.04000000000000009,-0.010000000000000023,-0.010000000000000023,0.0,176.36452,176.27327994257212,5.28,0.25
00-0033537,2024,Deshaun Watson,CLE,7,14.398888888888889,86.39333333333333,14.466666666666667,14.263333333333334,0.0,6.0,6.0,2.0,26.0,0.554635761589404,20.88562091503268,67.11111111111111,0.0,28.5,1.1666666666666667,185.83333333333334,4.333333333333333,23.666666666666668,85.59,1.2099999999999937,1.2291105121293802,6.52046783625731,0.20333333333333314,76.72,76.72,10.959999999999999,10.959999999999999,0.0,55.10726,54.81328442692757,231.46666666666667,85.59
00-0033662,2024,Cooper Rush,DAL,12,3.0054285714285713,21.356,0.4657142857142857,7.08,6.02,7.0,8.0,3.0,26.0,0.5775492716366752,23.22222222222222,64.83333333333333,0.0,3.4285714285714284,0.0,20.571428571428573,1.7142857142857142,-0.7142857142857143,11.63,-8.370000000000001,0.13775510204081634,6.0,-2.777142857142857,109.56,109.56,9.13,9.13,0.0,32.447624,32.358496591448784,7.451428571428571,11.63
00-0033662,2025,Cooper Rush,BAL,4,6.3257142857142865,72.378,9.13,0.4657142857142857,7.08,12.0,7.0,4.0,26.0,0.5968045112781954,20.044982698961938,62.588235294117645,1.0,25.666666666666668,1.0,153.66666666666666,2.1666666666666665,1.5,134.9,-25.340000000000003,1.0610236220472442,5.987012987012987,1.0250000000000004,1.72,1.72,0.43,0.43,0.0,132.32796,132.22996881604195,146.08,134.9
00-0033869,2024,Mitchell Trubisky,BUF,9,9.139885714285715,52.163999999999994,9.736,10.554285714285713,1.32,5.0,7.0,7.0,26.0,0.5165876777251185,18.84313725490196,58.611111111111114,1.0,21.4,0.8,126.4,3.2,10.8,52.120000000000005,-3.440000000000005,0.9061889250814332,5.906542056074766,4.208,14.959999999999997,14.959999999999997,1.6622222222222218,1.6622222222222218,0.0,25.015068,25.005165028385818,155.776,52.120000000000005
00-0033869,2025,Mitchell Trubisky,BUF,4,4.973561904761905,30.967999999999996,1.6622222222222218,9.736,10.554285714285713,9.0,5.0,8.0,26.0,0.5008319467554077,21.47352941176471,60.1,0.0,2.888888888888889,0.2222222222222222,19.88888888888889,2.2222222222222223,-0.2222222222222222,12.36,2.599999999999998,0.14060963618485742,6.884615384615385,-4.446031746031746,31.119999999999997,31.119999999999997,7.779999999999999,7.779999999999999,0.0,68.97341,68.9734115600586,26.59555555555555,12.36
00-0033873,2024,Patrick Mahomes,KC,19,20.2118,404.236,17.918,23.875999999999998,22.982,20.0,20.0,6.0,26.0,0.5931818181818181,21.6218487394958,62.857142857142854,0.0,37.3,1.65,261.7,4.9,26.5,377.45,-19.089999999999975,1.6560253699788585,7.016085790884718,-2.532,348.38,347.88,18.335789473684212,18.309473684210527,1.0,348.31378,348.22808769345284,286.688,377.45
00-0033873,2025,Patrick Mahomes,KC,14,18.76447368421053,364.288,18.335789473684212,17.918,23.875999999999998,19.0,20.0,7.0,26.0,0.5696413678065054,19.9,59.95,0.0,34.94736842105263,1.631578947368421,242.47368421052633,4.2105263157894735,20.473684210526315,359.67,-11.29000000000002,1.6179337231968811,6.938253012048193,-2.770105263157893,285.68,285.18,20.405714285714286,20.37,1.0,333.44724,333.304414704442,293.3726315789474,359.67
00-0034771,2024,Mason Rudolph,TEN,8,11.264000000000001,56.32000000000001,11.264000000000001,0.0,0.0,5.0,0.0,1.0,26.0,0.5165876777251185,18.84313725490196,58.611111111111114,1.0,22.6,1.0,189.6,2.4,4.8,43.980000000000004,12.340000000000003,1.0108626198083068,8.389380530973451,0.0,95.8,95.8,11.975,11.975,0.0,67.41322,67.30300906300545,180.22400000000002,43.980000000000004
00-0034771,2025,Mason Rudolph,PIT,6,11.738000000000001,82.64000000000001,11.975,11.264000000000001,0.0,8.0,5.0,2.0,26.0,0.5408163265306123,18.94809688581315,57.64705882352941,1.0,28.5,1.125,191.25,3.125,13.25,95.49,0.3100000000000023,1.1985981308411213,6.7105263157894735,0.7109999999999985,15.08,15.08,2.513333333333333,2.513333333333333,0.0,33.32714,33.28514877706766,191.6,95.49
00-0034796,2024,Lamar Jackson,BAL,19,20.7645,326.35,21.43777777777778,19.673333333333336,19.998333333333335,18.0,12.0,6.0,26.0,0.4800347222222222,22.526315789473685,60.63157894736842,0.0,28.666666666666668,1.5,227.88888888888889,9.277777777777779,54.166666666666664,375.3,10.579999999999984,1.4413407821229052,7.949612403100775,0.7197222222222219,471.54,471.54,24.817894736842106,24.817894736842106,0.0,320.48245,320.37479654699564,343.00444444444446,375.3
00-0034796,2025,Lamar Jackson,BAL,13,23.28940350877193,422.296,24.817894736842106,21.43777777777778,19.673333333333336,19.0,18.0,7.0,26.0,0.4520311149524633,25.640866873065015,60.89473684210526,0.0,27.36842105263158,2.3684210526315788,242.1578947368421,8.421052631578947,54.473684210526315,372.31,99.23000000000002,2.0526315789473686,8.848076923076922,2.5722807017543854,214.86,214.86,16.52769230769231,16.52769230769231,0.0,345.74,345.1866307258606,397.0863157894737,372.31
00-0034855,2024,Baker Mayfield,TB,18,14.57816917293233,249.276,17.08421052631579,10.118333333333334,12.921428571428573,19.0,12.0,6.0,26.0,0.5718085106382979,19.959752321981426,59.36842105263158,0.0,33.8421052631579,1.7894736842105263,248.94736842105263,3.473684210526316,10.210526315789474,318.12,6.480000000000018,1.7262283823437599,7.356143079315707,2.0813909774436086,381.5,381.5,21.194444444444443,21.194444444444443,0.0,229.88136,229.74641275405884,273.34736842105264,318.12
00-0034855,2025,Baker Mayfield,TB,17,18.853763157894736,338.422,21.194444444444443,17.08421052631579,10.118333333333334,18.0,19.0,7.0,26.0,0.5374087591240876,23.950980392156865,60.888888888888886,0.0,32.666666666666664,2.388888888888889,260.27777777777777,3.7222222222222223,22.27777777777778,342.21,39.29000000000002,2.1556683587140437,7.967687074829932,5.538055555555554,271.92,271.92,15.99529411764706,15.99529411764706,0.0,289.10977,288.9665742665529,339.1111111111111,342.21
00-0034857,2024,Josh Allen,BUF,19,24.194736842105264,452.45399999999995,24.042105263157897,24.153333333333332,25.234736842105264,19.0,18.0,6.0,26.0,0.525974025974026,22.495356037151705,64.84210526315789,0.0,34.10526315789474,1.736842105263158,247.10526315789474,6.894736842105263,35.26315789473684,424.62,32.18000000000001,1.6891757696127112,7.24537037037037,-0.5963157894736835,444.98,444.98,23.42,23.42,0.0,361.1777,360.9682904481888,384.67368421052635,424.62
00-0034857,2025,Josh Allen,BUF,18,23.679964912280703,447.504,23.42,24.042105263157897,24.153333333333332,19.0,19.0,7.0,26.0,0.5008319467554077,21.47352941176471,60.1,0.0,29.736842105263158,1.6842105263157894,229.8421052631579,6.894736842105263,33.473684210526315,417.1,27.879999999999995,1.5937392500859993,7.729203539823009,-0.36666666666666536,416.76,416.76,23.153333333333332,23.153333333333332,0.0,327.44562,327.3785827085376,374.72,417.1
00-0034869,2024,Sam Darnold,MIN,18,7.029466666666666,55.652,2.338,14.386666666666665,13.106666666666667,10.0,6.0,6.0,26.0,0.5084745762711864,23.9,59.0,1.0,4.6,0.2,29.7,2.1,1.5,31.13,-7.7499999999999964,0.20569105691056913,6.456521739130435,-5.384333333333334,319.66,319.66,17.75888888888889,17.75888888888889,0.0,71.86494,71.86493682861328,37.408,31.13
00-0034869,2025,Sam Darnold,SEA,20,12.795399999999999,207.442,17.75888888888889,2.338,14.386666666666665,18.0,10.0,7.0,26.0,0.5521126760563381,21.486928104575163,59.166666666666664,1.0,32.5,2.0,253.55555555555554,3.9444444444444446,12.833333333333334,346.75,-27.089999999999975,1.8630573248407645,7.8017094017094015,1.6861111111111127,283.7,283.7,14.184999999999999,14.184999999999999,0.0,225.8491,225.84910583496094,284.14222222222224,346.75
00-0035228,2024,Kyler Murray,ARI,17,18.476127272727272,178.428,18.295,18.22909090909091,20.304,8.0,11.0,5.0,26.0,0.5419921875,20.01038062283737,60.23529411764706,0.0,33.5,1.25,224.875,5.5,30.5,155.25,-8.889999999999986,1.360042735042735,6.712686567164179,-1.0044999999999984,297.24,297.24,17.48470588235294,17.48470588235294,0.0,289.66632,289.47328628599644,292.72,155.25
00-0035228,2025,Kyler Murray,ARI,5,17.802232620320858,242.304,17.48470588235294,18.295,18.22909090909091,17.0,8.0,6.0,26.0,0.5397614314115308,21.833910034602077,59.1764705882353,0.0,31.823529411764707,1.2352941176470589,226.52941176470588,4.588235294117647,33.64705882352941,305.55,-8.310000000000002,1.288402000476304,7.118299445471349,-0.37219251336898473,77.78,77.78,15.556000000000001,15.556000000000001,0.0,295.97528,295.85547998547554,279.75529411764705,305.55
00-0035289,2024,Gardner Minshew,LV,10,10.209444444444445,143.00666666666666,12.262500000000001,6.103333333333334,0.0,16.0,6.0,2.0,26.0,0.5451092117758785,20.557093425605537,61.94117647058823,1.0,30.625,0.9375,206.5625,2.125,6.25,221.69,-25.48999999999998,1.065217391304348,6.744897959183674,6.159166666666667,96.32,96.32,9.632,9.632,0.0,114.18469,114.17702957708389,196.20000000000002,221.69
00-0035289,2025,Gardner Minshew,KC,4,10.068283333333333,120.314,9.632,12.262500000000001,6.103333333333334,10.0,16.0,3.0,26.0,0.6252465483234714,18.823529411764707,59.64705882352941,1.0,30.6,0.9,201.3,1.9,5.8,115.34,-19.02000000000001,1.0885375494071146,6.578431372549019,1.7643333333333326,-0.3200000000000003,-0.3200000000000003,-0.08000000000000007,-0.08000000000000007,0.0,69.419815,69.39851092174649,154.112,115.34
00-0035704,2024,Drew Lock,NYG,7,7.475238095238095,32.37142857142857,7.279999999999999,0.0,8.646666666666667,4.0,0.0,1.0,26.0,0.6008359456635318,19.885813148788927,56.294117647058826,1.0,19.0,0.75,135.75,1.25,3.5,28.490000000000002,0.6299999999999955,0.8260869565217391,7.144736842105263,-0.6833333333333336,80.14,80.14,11.448571428571428,11.448571428571428,0.0,53.97476,53.95775813981891,116.47999999999999,28.490000000000002
00-0035710,2024,Daniel Jones,NYG,10,12.596242424242424,147.72,9.493333333333334,17.924444444444443,15.22909090909091,6.0,18.0,5.0,26.0,0.5329218106995884,18.079584775086506,57.1764705882353,0.0,26.666666666666668,0.3333333333333333,151.5,6.666666666666667,34.333333333333336,78.72,-21.759999999999998,0.8148148148148148,5.68125,-2.867878787878788,135.3,135.3,13.530000000000001,13.530000000000001,0.0,103.974686,103.93868609517813,151.89333333333335,78.72
00-0035710,2025,Daniel Jones,IND,13,12.758444444444445,130.532,13.530000000000001,9.493333333333334,17.924444444444443,10.0,6.0,6.0,26.0,0.5828402366863905,18.318339100346023,59.64705882352941,1.0,34.1,0.8,207.0,6.7,26.5,166.97,-31.669999999999987,1.0715341959334566,6.070381231671554,-2.197222222222221,226.44,226.44,17.41846153846154,17.41846153846154,0.0,172.715,172.7106955894269,216.48000000000002,166.97
00-0035993,2024,Tyler Huntley,MIA,5,7.677971428571429,44.174,5.124,11.410000000000002,11.805714285714288,5.0,6.0,3.0,26.0,0.4800347222222222,22.526315789473685,60.63157894736842,1.0,7.4,0.6,40.6,3.0,11.0,25.3,0.31999999999999673,0.37468354430379747,5.486486486486487,-3.340857142857144,60.66,60.66,12.132,12.132,0.0,36.610195,36.61019515991211,81.984,25.3
00-0035993,2025,Tyler Huntley,BAL,5,9.9574,50.928,12.132,5.124,11.410000000000002,5.0,5.0,4.0,26.0,0.5749027237354085,20.11764705882353,60.470588235294116,1.0,26.6,0.6,165.8,5.2,27.0,69.16,-8.5,0.9585585585585585,6.2330827067669174,0.3609999999999989,40.14,40.14,8.028,8.028,0.0,24.466906,24.293109893798828,194.112,69.16
00-0036212,2024,Tua Tagovailoa,MIA,11,16.14794871794872,257.05999999999995,15.712222222222222,17.763076923076923,13.916923076923077,18.0,13.0,4.0,26.0,0.5617455896007428,23.794117647058826,59.833333333333336,0.0,33.27777777777778,1.6666666666666667,267.94444444444446,2.111111111111111,5.5,298.33,-15.509999999999991,1.6243220692532332,8.051752921535893,0.8976495726495726,181.58,181.58,16.507272727272728,16.507272727272728,0.0,259.83575,259.7974964566529,251.39555555555555,298.33
00-0036212,2025,Tua Tagovailoa,MIA,14,16.394337995337995,216.886,16.507272727272728,15.712222222222222,17.763076923076923,11.0,18.0,5.0,26.0,0.5749027237354085,20.11764705882353,60.470588235294116,0.0,36.27272727272727,1.7272727272727273,260.6363636363636,1.5454545454545454,4.454545454545454,183.92,-2.339999999999975,1.6955531947184703,7.18546365914787,-0.6279020979020977,160.7,160.7,11.478571428571428,11.478571428571428,0.0,255.94547,255.80829295516014,264.11636363636364,183.92
00-0036264,2024,Jordan Love,GB,16,12.468780701754387,219.16400000000002,18.731578947368423,2.925,3.5233333333333334,19.0,4.0,3.0,26.0,0.5608465608465608,21.139318885448915,59.68421052631579,0.0,33.36842105263158,1.9473684210526316,243.42105263157896,2.9473684210526314,13.105263157894736,321.05,34.85000000000002,1.84046447052884,7.294952681388013,7.604122807017545,237.34,237.34,14.83375,14.83375,0.0,266.00574,265.90616446733475,299.70526315789476,321.05
00-0036264,2025,Jordan Love,GB,16,14.812223684210526,250.344,14.83375,18.731578947368423,2.925,16.0,19.0,4.0,26.0,0.48530805687203793,21.895424836601308,58.611111111111114,0.0,28.625,1.5625,225.0625,1.6875,5.8125,236.91,0.4300000000000068,1.4791033434650456,7.862445414847161,5.954375000000001,265.16,265.16,16.5725,16.5725,0.0,156.40733,156.35500160977244,237.34,236.91
00-0036355,2024,Justin Herbert,LAC,18,18.0034826546003,267.786,18.012307692307694,16.52111111111111,22.39764705882353,13.0,18.0,4.0,26.0,0.5951035781544256,20.602076124567475,62.470588235294116,0.0,35.07692307692308,1.5384615384615385,241.07692307692307,4.0,17.53846153846154,272.31,-38.150000000000006,1.5506566604127578,6.87280701754386,-2.1926696832579182,291.08,291.08,16.17111111111111,16.17111111111111,0.0,261.9342,261.91717723943293,288.1969230769231,272.31
00-0036355,2025,Justin Herbert,LAC,17,16.758470085470083,274.634,16.17111111111111,18.012307692307694,16.52111111111111,18.0,13.0,5.0,26.0,0.5298726738491675,19.84313725490196,56.72222222222222,0.0,29.77777777777778,1.3333333333333333,228.44444444444446,3.8333333333333335,17.0,276.7,14.379999999999995,1.3351449275362317,7.6716417910447765,-0.1750000000000007,296.94,296.94,17.467058823529413,17.467058823529413,0.0,210.47726,210.26127085089684,258.73777777777775,276.7
00-0036389,2024,Jalen Hurts,PHI,19,22.054708333333334,392.88,20.628888888888888,25.416666666666668,20.52375,18.0,18.0,4.0,26.0,0.5320855614973262,21.310457516339866,62.333333333333336,0.0,31.833333333333332,1.3333333333333333,228.22222222222223,8.777777777777779,33.888888888888886,400.31,-28.99000000000001,1.3589909443725743,7.169284467713787,0.052569444444444,411.56,411.56,21.661052631578947,21.661052631578947,0.0,318.50815,318.3709397315979,330.0622222222222,400.31
00-0036389,2025,Jalen Hurts,PHI,17,21.7269649122807,404.082,21.661052631578947,20.628888888888888,25.416666666666668,19.0,18.0,5.0,26.0,0.4122137404580153,22.714285714285715,62.38095238095238,0.0,23.789473684210527,1.2105263157894737,191.0,9.68421052631579,43.36842105263158,394.85,16.70999999999998,1.1675815305134,8.028761061946902,-1.8778070175438604,313.18,313.18,18.42235294117647,18.42235294117647,0.0,314.52408,314.375814050436,346.57684210526315,394.85
00-0036442,2024,Joe Burrow,CIN,17,17.146352631578946,248.212,14.716,21.396842105263158,18.977,10.0,19.0,4.0,26.0,0.6162324649298597,20.013840830449826,58.705882352941174,0.0,36.5,1.5,230.9,3.1,8.8,172.42,-25.25999999999999,1.5504424778761061,6.326027397260274,-2.1305000000000005,372.82,372.82,21.930588235294117,21.930588235294117,0.0,226.29999,226.20220763981342,235.456,172.42
00-0036442,2025,Joe Burrow,CIN,8,19.712837151702786,308.49399999999997,21.930588235294117,14.716,21.396842105263158,17.0,10.0,5.0,26.0,0.6317829457364341,22.463667820069205,60.705882352941174,0.0,38.35294117647059,2.5294117647058822,289.29411764705884,2.4705882352941178,11.823529411764707,368.97,3.849999999999966,2.3407898370615854,7.542944785276074,0.2668730650154796,134.45999999999998,134.45999999999998,16.807499999999997,16.807499999999997,0.0,255.13858,254.9716639816761,350.88941176470587,368.97
00-0036898,2024,Davis Mills,HOU,4,6.603784615384615,80.748,2.9433333333333334,12.101333333333335,12.073846153846155,6.0,15.0,3.0,26.0,0.5746003552397868,21.105263157894736,59.26315789473684,0.0,6.666666666666667,0.3333333333333333,29.833333333333332,0.8333333333333334,0.8333333333333334,19.14,-1.4800000000000004,0.3055555555555555,4.475,-4.565256410256411,9.580000000000002,9.580000000000002,2.3950000000000005,2.3950000000000005,0.0,67.678055,67.67805480957031,47.093333333333334,19.14
00-0036898,2025,Davis Mills,HOU,6,3.5301333333333336,29.198,2.3950000000000005,2.9433333333333334,12.101333333333335,4.0,6.0,4.0,26.0,0.5593971631205674,20.758513931888547,59.36842105263158,0.0,9.0,0.0,53.0,0.75,2.75,24.310000000000002,-14.73,0.3432203389830509,5.888888888888889,-4.853166666666667,68.6,68.6,11.433333333333332,11.433333333333332,0.0,42.098045,42.098045349121094,38.32000000000001,24.310000000000002
00-0036945,2024,Justin Fields,PIT,11,17.599958974358977,239.582,17.706153846153846,19.732000000000003,10.566666666666668,13.0,15.0,3.0,26.0,0.4937439846005775,20.048442906574394,61.11764705882353,1.0,28.46153846153846,1.2307692307692308,197.07692307692307,9.538461538461538,50.53846153846154,262.51,-32.329999999999984,1.2483130904183535,6.924324324324324,3.569743589743589,119.14,119.14,10.83090909090909,10.83090909090909,0.0,171.27217,171.20711918920279,283.29846153846154,262.51
00-0036945,2025,Justin Fields,NYJ,9,13.783591608391607,170.136,10.83090909090909,17.706153846153846,19.732000000000003,11.0,13.0,4.0,26.0,0.4925373134328358,19.84313725490196,59.55555555555556,1.0,14.727272727272727,0.45454545454545453,100.54545454545455,5.636363636363637,26.272727272727273,113.19,5.950000000000003,0.5695630336514313,6.827160493827161,-4.450545454545456,142.66,142.66,15.851111111111111,15.851111111111111,0.0,130.2114,130.07904785871506,173.29454545454544,113.19
00-0036971,2024,Trevor Lawrence,JAX,10,16.245863003095977,276.794,16.40875,17.43263157894737,11.708235294117646,16.0,19.0,3.0,26.0,0.5774253731343284,20.79584775086505,63.05882352941177,0.0,35.25,1.3125,251.0,4.375,21.1875,291.71000000000004,-29.170000000000016,1.3841623036649215,7.120567375886525,2.3502573529411777,145.2,145.2,14.52,14.52,0.0,267.16415,267.0649649724364,262.54,291.71000000000004
00-0036971,2025,Trevor Lawrence,JAX,18,15.377888157894738,199.004,14.52,16.40875,17.43263157894737,10.0,16.0,4.0,26.0,0.56875,18.844290657439448,56.470588235294116,0.0,28.4,1.1,204.5,2.6,11.9,159.57,-14.370000000000005,1.1735537190082646,7.200704225352113,-1.4563157894736847,357.56,357.56,19.864444444444445,19.864444444444445,0.0,129.39293,129.310805529356,232.32,159.57
00-0036972,2024,Mac Jones,JAX,10,10.781652236652237,138.866,9.672727272727274,12.14857142857143,13.334444444444445,11.0,14.0,3.0,26.0,0.573045267489712,17.366782006920417,57.1764705882353,1.0,31.363636363636363,0.9090909090909091,192.72727272727272,2.3636363636363638,8.727272727272727,136.03,-29.629999999999995,1.0934111759799834,6.144927536231884,-1.8308585858585857,96.08,96.08,9.608,9.608,0.0,136.61928,136.61756253917702,154.76363636363638,136.03
00-0036972,2025,Mac Jones,SF,12,9.881475324675325,106.576,9.608,9.672727272727274,12.14857142857143,10.0,11.0,4.0,26.0,0.56875,18.844290657439448,56.470588235294116,1.0,26.2,0.8,167.2,2.8,9.2,118.2,-22.120000000000005,0.9640692640692642,6.3816793893129775,-1.2702857142857145,130.9,130.9,10.908333333333333,10.908333333333333,0.0,59.11025,59.09824796952307,153.728,118.2
00-0037012,2025,Trey Lance,LAC,4,3.185,12.74,3.185,0.0,0.0,4.0,0.0,1.0,26.0,0.5968045112781954,20.044982698961938,62.588235294117645,1.0,10.25,0.0,66.5,2.75,10.25,30.520000000000003,-17.78,0.38278008298755184,6.487804878048781,0.0,13.54,13.54,3.385,3.385,0.0,42.379246,42.37924575805664,50.96,30.520000000000003
00-0037834,2024,Brock Purdy,SF,15,16.21932748538012,279.11333333333334,18.103157894736842,12.451666666666668,0.0,19.0,12.0,2.0,26.0,0.5084745762711864,23.9,59.0,0.0,29.05263157894737,1.7894736842105263,266.0,2.789473684210526,11.473684210526315,280.7,63.25999999999999,1.6612541993281074,9.155797101449275,5.651491228070174,266.86,266.86,17.790666666666667,17.790666666666667,0.0,238.32318,238.15007017552853,289.6505263157895,280.7
00-0037834,2025,Brock Purdy,SF,11,17.35051403508772,278.246,17.790666666666667,18.103157894736842,12.451666666666668,15.0,19.0,3.0,26.0,0.5411167512690356,22.70242214532872,57.94117647058823,0.0,30.333333333333332,1.3333333333333333,257.6,4.4,21.533333333333335,282.27,-15.409999999999968,1.3430025445292622,8.492307692307692,2.6694999999999993,199.56,199.56,18.14181818181818,18.14181818181818,0.0,253.121,253.06965144723654,284.65066666666667,282.27
00-0038102,2024,Kenny Pickett,PHI,7,9.964786324786324,123.42000000000002,9.183333333333334,11.527692307692307,0.0,12.0,13.0,2.0,26.0,0.5165876777251185,18.84313725490196,58.611111111111114,1.0,27.0,0.5,172.5,3.5,4.5,127.48,-17.28,0.7729007633587787,6.388888888888889,-2.3443589743589737,24.439999999999998,24.439999999999998,3.491428571428571,3.491428571428571,0.0,128.13557,128.1355743408203,146.93333333333334,127.48
00-0038102,2025,Kenny Pickett,LV,6,6.002626373626374,62.71,3.491428571428571,9.183333333333334,11.527692307692307,7.0,12.0,3.0,26.0,0.4122137404580153,22.714285714285715,62.38095238095238,1.0,6.142857142857143,0.2857142857142857,41.57142857142857,2.0,1.1428571428571428,26.97,-2.530000000000001,0.27807172251616696,6.767441860465116,-4.018131868131868,7.720000000000001,7.720000000000001,1.2866666666666668,1.2866666666666668,0.0,78.58669,78.33158153295517,55.86285714285714,26.97
00-0038122,2024,Desmond Ridder,LV,5,11.099555555555556,131.00000000000003,11.809333333333335,9.68,0.0,15.0,4.0,2.0,26.0,0.5038022813688213,20.53287197231834,61.88235294117647,1.0,25.866666666666667,0.8,189.06666666666666,3.533333333333333,12.866666666666667,198.07,-20.92999999999998,0.9238095238095237,7.309278350515464,2.129333333333335,21.92,21.92,4.384,4.384,0.0,119.56037,119.5078518949449,188.94933333333336,198.07
00-0038128,2025,Malik Willis,GB,4,7.794693877551023,47.16285714285715,8.633333333333335,0.0,2.762857142857143,6.0,0.0,1.0,26.0,0.48530805687203793,21.895424836601308,58.611111111111114,0.0,9.0,0.5,91.66666666666667,3.3333333333333335,23.0,36.54,15.260000000000005,0.42519685039370075,10.185185185185185,2.9352380952380956,51.17999999999999,51.17999999999999,12.794999999999998,12.794999999999998,0.0,188.88515,188.5950399339199,138.13333333333335,36.54
00-0038416,2024,Tyson Bagent,CHI,4,10.652000000000001,53.260000000000005,10.652000000000001,0.0,0.0,5.0,0.0,1.0,26.0,0.4937439846005775,20.048442906574394,61.11764705882353,0.0,28.6,0.6,171.8,4.6,21.8,75.93,-22.67,1.0005830903790087,6.006993006993007,0.0,-0.26,-0.26,-0.065,-0.065,0.0,103.31182,103.30561225675046,170.43200000000002,75.93
00-0038579,2024,Aidan O'Connell,LV,9,11.43818181818182,125.82000000000001,11.43818181818182,0.0,0.0,11.0,0.0,1.0,26.0,0.5742268041237113,18.02076124567474,57.05882352941177,0.0,31.181818181818183,1.0909090909090908,201.63636363636363,1.5454545454545454,1.0,143.58,-17.760000000000005,1.2059266700150677,6.466472303206997,0.0,93.48,93.48,10.386666666666667,10.386666666666667,0.0,130.09454,130.09454345703125,183.0109090909091,143.58
00-0038582,2024,Clayton Tune,ARI,5,1.2466666666666666,7.4799999999999995,1.2466666666666666,0.0,0.0,6.0,0.0,1.0,26.0,0.5419921875,20.01038062283737,60.23529411764706,0.0,3.5,0.0,10.333333333333334,1.3333333333333333,5.0,11.98,-4.500000000000001,0.14253393665158373,2.9523809523809526,0.0,-2.08,-2.08,-0.41600000000000004,-0.41600000000000004,0.0,14.678923,14.640963107347488,19.946666666666665,11.98
00-0038583,2024,Dorian Thompson-Robinson,CLE,6,3.1571428571428575,22.1,3.1571428571428575,0.0,0.0,7.0,0.0,1.0,26.0,0.554635761589404,20.88562091503268,67.11111111111111,0.0,16.0,0.14285714285714285,62.857142857142854,2.0,9.285714285714286,47.88,-25.78,0.5128205128205128,3.9285714285714284,0.0,15.8,15.8,2.6333333333333333,2.6333333333333333,0.0,43.748116,43.74811553955078,50.51428571428572,47.88
00-0039150,2024,Bryce Young,CAR,14,9.77375,156.38,9.77375,0.0,0.0,16.0,0.0,1.0,26.0,0.5685131195335277,17.363321799307958,60.529411764705884,0.0,32.9375,0.6875,179.8125,2.4375,15.8125,195.35999999999999,-38.97999999999999,0.906121045392022,5.459203036053131,0.0,195.02,195.02,13.930000000000001,13.930000000000001,0.0,160.70988,160.6619676426053,156.38,195.35999999999999
00-0039150,2025,Bryce Young,CAR,17,12.544583333333334,182.14000000000001,13.930000000000001,9.77375,0.0,14.0,16.0,2.0,26.0,0.5706806282722513,18.301038062283737,56.1764705882353,0.0,27.428571428571427,1.0714285714285714,171.64285714285714,3.0714285714285716,17.785714285714285,199.20999999999998,-4.189999999999969,1.1272015655577299,6.2578125,4.156250000000002,239.0,239.0,14.058823529411764,14.058823529411764,0.0,161.9656,161.96397622162476,222.88000000000002,199.20999999999998
00-0039152,2024,Will Levis,TEN,12,11.335555555555555,102.02,11.335555555555555,0.0,0.0,9.0,0.0,1.0,26.0,0.5283422459893048,18.570934256055363,55.0,0.0,28.333333333333332,0.8888888888888888,200.88888888888889,2.7777777777777777,6.333333333333333,104.97,-2.950000000000003,1.0586080586080586,7.090196078431372,0.0,119.94,119.94,9.995,9.995,0.0,37.30891,37.30891036987305,181.36888888888888,104.97
00-0039163,2024,C.J. Stroud,HOU,19,18.05764705882353,306.98,18.05764705882353,0.0,0.0,17.0,0.0,1.0,26.0,0.5746003552397868,21.105263157894736,59.26315789473684,0.0,32.529411764705884,1.5294117647058822,268.05882352941177,2.5294117647058822,10.411764705882353,292.27,14.710000000000036,1.5119912506835405,8.240506329113924,0.0,251.86,251.86,13.255789473684212,13.255789473684212,0.0,332.567,332.51010224968195,288.9223529411765,292.27
00-0039163,2025,C.J. Stroud,HOU,16,14.856408668730651,270.2333333333334,13.255789473684212,18.05764705882353,0.0,19.0,17.0,2.0,26.0,0.5593971631205674,20.758513931888547,59.36842105263158,0.0,31.210526315789473,1.105263157894737,223.89473684210526,3.3684210526315788,16.68421052631579,302.26,-50.39999999999998,1.1807260901307493,7.1736930860033725,-4.801857585139318,222.12,222.12,13.8825,13.8825,0.0,252.0802,251.91355097293854,212.0926315789474,302.26
00-0039164,2024,Anthony Richardson,IND,11,18.17,72.68,18.17,0.0,0.0,4.0,0.0,1.0,26.0,0.5451092117758785,20.557093425605537,61.94117647058823,0.0,21.0,0.75,144.25,6.25,34.0,54.14999999999999,18.530000000000015,0.8873239436619718,6.869047619047619,0.0,163.36,162.86,14.850909090909092,14.805454545454547,1.0,118.87954,118.64867700636387,290.72,54.14999999999999
00-0039376,2025,Spencer Rattler,NO,9,9.611428571428572,67.28,9.611428571428572,0.0,0.0,7.0,0.0,1.0,26.0,0.5543259557344065,19.629757785467127,58.470588235294116,0.0,32.57142857142857,0.5714285714285714,188.14285714285714,2.5714285714285716,20.857142857142858,85.12,-17.840000000000003,0.9893190921228304,5.776315789473684,0.0,99.14,98.64,11.015555555555556,10.96,1.0,95.9124,95.87108918651938,153.78285714285715,85.12
00-0039732,2025,Bo Nix,DEN,18,18.403333333333332,331.26,18.403333333333332,0.0,0.0,18.0,0.0,1.0,26.0,0.556497175141243,19.372549019607842,59.0,0.0,32.72222222222222,1.6666666666666667,217.72222222222223,5.333333333333333,26.27777777777778,312.55,18.70999999999998,1.6174482467258133,6.65365025466893,0.0,328.9,328.9,18.272222222222222,18.272222222222222,0.0,342.16824,342.024666801095,294.4533333333333,312.55
00-0039851,2025,Drake Maye,NE,21,13.626153846153846,177.14,13.626153846153844,0.0,0.0,13.0,0.0,1.0,26.0,0.5436793422404933,18.356401384083046,57.23529411764706,0.0,26.0,1.1538461538461537,175.07692307692307,4.153846153846154,32.38461538461539,163.10999999999999,14.030000000000001,1.1598513011152416,6.733727810650888,0.0,416.88,416.38,19.85142857142857,19.82761904761905,1.0,283.57568,283.425292506814,218.0184615384615,163.10999999999999
00-0039910,2025,Jayden Daniels,WAS,7,21.41,428.19999999999993,21.41,0.0,0.0,20.0,0.0,1.0,26.0,0.5051383399209486,22.75294117647059,63.25,0.0,29.7,1.5,219.5,9.15,51.3,450.43,-22.230000000000018,1.458816120906801,7.390572390572391,0.0,114.28,114.28,16.325714285714287,16.325714285714287,0.0,330.93942,330.8848437257111,342.56,450.43
00-0039917,2025,Michael Penix Jr.,ATL,9,8.82,44.1,8.82,0.0,0.0,5.0,0.0,1.0,26.0,0.530360531309298,22.498269896193772,62.0,0.0,21.0,0.6,155.0,1.4,2.2,59.31,-15.21,0.8262295081967214,7.380952380952381,0.0,120.28,120.28,13.364444444444445,13.364444444444445,0.0,31.086292,31.074431446380913,141.12,59.31
00-0039918,2025,Caleb Williams,CHI,19,14.972941176470588,254.54,14.972941176470588,0.0,0.0,17.0,0.0,1.0,26.0,0.567703109327984,18.290657439446367,58.64705882352941,0.0,33.05882352941177,1.1764705882352942,208.2941176470588,4.764705882352941,28.764705882352942,286.85,-32.31000000000003,1.258144202562915,6.300711743772242,0.0,356.90000000000003,355.90000000000003,18.784210526315793,18.731578947368423,2.0,197.00781,196.96993443742394,239.5670588235294,286.85
