player_display_name,position,team,our_model_rank,our_projected_points,fp_ecr_rank,sleeper_adp,consensus_blend_rank,diff_our_vs_blend,diff_our_vs_fp
Amon-Ra St. Brown,WR,DET,1,,4.0,,2.5,-1.5,-3.0
De'Von Achane,RB,MIA,2,,4.0,,3.0,-1.0,-2.0
Bucky Irving,RB,TB,3,,15.0,,9.0,-6.0,-12.0
Justin Jefferson,WR,MIN,4,,4.0,,4.0,0.0,0.0
James Cook,RB,BUF,5,,4.0,,4.5,0.5,1.0
CeeDee Lamb,WR,DAL,6,,4.0,,5.0,1.0,2.0
Malik Nabers,WR,NYG,7,,6.0,,6.5,0.5,1.0
Ja'Marr Chase,WR,CIN,8,,1.0,,4.5,3.5,7.0
DeVonta Smith,WR,PHI,9,,15.0,,12.0,-3.0,-6.0
Puka Nacua,WR,LA,10,,2.0,,6.0,4.0,8.0
Ladd McConkey,WR,LAC,11,,18.0,,14.5,-3.5,-7.0
Jonathan Taylor,RB,IND,12,,3.0,,7.5,4.5,9.0
Kyren Williams,RB,LA,13,,16.0,,14.5,-1.5,-3.0
Jahmyr Gibbs,RB,DET,14,,1.0,,7.5,6.5,13.0
Drake London,WR,ATL,15,,7.0,,11.0,4.0,8.0
Brian Thomas Jr.,WR,JAX,16,,27.0,,21.5,-5.5,-11.0
Breece Hall,RB,NYJ,17,,11.0,,14.0,3.0,6.0
Josh Jacobs,RB,GB,18,,13.0,,15.5,2.5,5.0
A.J. Brown,WR,PHI,19,,10.0,,14.5,4.5,9.0
Bijan Robinson,RB,ATL,20,,1.0,,10.5,9.5,19.0
Tee Higgins,WR,CIN,21,,16.0,,18.5,2.5,5.0
Jalen Hurts,QB,PHI,22,,5.0,,13.5,8.5,17.0
Alvin Kamara,RB,NO,23,,47.0,,35.0,-12.0,-24.0
George Kittle,TE,SF,24,,11.0,,17.5,6.5,13.0
Jordan Addison,WR,MIN,25,,34.0,,29.5,-4.5,-9.0
Nico Collins,WR,HOU,26,,8.0,,17.0,9.0,18.0
Rashee Rice,WR,KC,27,,10.0,,18.5,8.5,17.0
Kenneth Walker III,RB,SEA,28,,9.0,,18.5,9.5,19.0
Xavier Worthy,WR,KC,29,,44.0,,36.5,-7.5,-15.0
Josh Allen,QB,BUF,30,,1.0,,15.5,14.5,29.0
DJ Moore,WR,CHI,31,,23.0,,27.0,4.0,8.0
Lamar Jackson,QB,BAL,32,,2.0,,17.0,15.0,30.0
Jayden Daniels,QB,WAS,33,,4.0,,18.5,14.5,29.0
Mike Evans,WR,TB,34,,24.0,,29.0,5.0,10.0
Bo Nix,QB,DEN,35,,12.0,,23.5,11.5,23.0
Terry McLaurin,WR,WAS,36,,22.0,,29.0,7.0,14.0
Patrick Mahomes,QB,KC,37,,6.0,,21.5,15.5,31.0
Christian McCaffrey,RB,SF,38,,3.0,,20.5,17.5,35.0
Chase Brown,RB,CIN,39,,7.0,,23.0,16.0,32.0
Jonnu Smith,TE,MIA,40,,48.0,,44.0,-4.0,-8.0
Marvin Harrison Jr.,WR,ARI,41,,26.0,,33.5,7.5,15.0
Rachaad White,RB,TB,42,,38.0,,40.0,2.0,4.0
Joe Mixon,RB,HOU,43,,82.0,,62.5,-19.5,-39.0
Kyle Pitts,TE,ATL,44,,7.0,,25.5,18.5,37.0
Jaxon Smith-Njigba,WR,SEA,45,,2.0,,23.5,21.5,43.0
Sam LaPorta,TE,DET,46,,6.0,,26.0,20.0,40.0
Dallas Goedert,TE,PHI,47,,14.0,,30.5,16.5,33.0
Tyrone Tracy Jr.,RB,NYG,48,,41.0,,44.5,3.5,7.0
Saquon Barkley,RB,PHI,49,,9.0,,29.0,20.0,40.0
George Pickens,WR,PIT,50,,10.0,,30.0,20.0,40.0
Zay Flowers,WR,BAL,51,,15.0,,33.0,18.0,36.0
Tyreek Hill,WR,MIA,52,,67.0,,59.5,-7.5,-15.0
Garrett Wilson,WR,NYJ,53,,14.0,,33.5,19.5,39.0
Drake Maye,QB,NE,54,,2.0,,28.0,26.0,52.0
Mark Andrews,TE,BAL,55,,15.0,,35.0,20.0,40.0
Chris Godwin Jr.,WR,TB,56,,34.0,,45.0,11.0,22.0
Chuba Hubbard,RB,CAR,57,,26.0,,41.5,15.5,31.0
D'Andre Swift,RB,CHI,58,,23.0,,40.5,17.5,35.0
Jerome Ford,RB,CLE,59,,80.0,,69.5,-10.5,-21.0
Trey McBride,TE,ARI,60,,1.0,,30.5,29.5,59.0
Zach Charbonnet,RB,SEA,61,,30.0,,45.5,15.5,31.0
Calvin Ridley,WR,TEN,62,,73.0,,67.5,-5.5,-11.0
Rico Dowdle,RB,DAL,63,,30.0,,46.5,16.5,33.0
Davante Adams,WR,NYJ,64,,22.0,,43.0,21.0,42.0
David Montgomery,RB,DET,65,,20.0,,42.5,22.5,45.0
DK Metcalf,WR,SEA,66,,32.0,,49.0,17.0,34.0
Baker Mayfield,QB,TB,67,,17.0,,42.0,25.0,50.0
Michael Pittman,WR,IND,68,,38.0,,53.0,15.0,30.0
Zach Ertz,TE,WAS,69,,47.0,,58.0,11.0,22.0
Brock Bowers,TE,LV,70,,1.0,,35.5,34.5,69.0
Joe Burrow,QB,CIN,71,,4.0,,37.5,33.5,67.0
Tucker Kraft,TE,GB,72,,5.0,,38.5,33.5,67.0
Jauan Jennings,WR,SF,73,,58.0,,65.5,7.5,15.0
Jaylen Waddle,WR,MIA,74,,21.0,,47.5,26.5,53.0
Cooper Kupp,WR,LA,75,,91.0,,83.0,-8.0,-16.0
C.J. Stroud,QB,HOU,76,,18.0,,47.0,29.0,58.0
T.J. Hockenson,TE,MIN,77,,21.0,,49.0,28.0,56.0
Quentin Johnston,WR,LAC,78,,49.0,,63.5,14.5,29.0
Kyler Murray,QB,ARI,79,,16.0,,47.5,31.5,63.0
Jameson Williams,WR,DET,80,,23.0,,51.5,28.5,57.0
Jerry Jeudy,WR,CLE,81,,62.0,,71.5,9.5,19.0
Travis Etienne,RB,JAX,82,,16.0,,49.0,33.0,66.0
Brock Purdy,QB,SF,83,,10.0,,46.5,36.5,73.0
Isaiah Likely,TE,BAL,84,,12.0,,48.0,36.0,72.0
Jalen McMillan,WR,TB,85,,62.0,,73.5,11.5,23.0
Derrick Henry,RB,BAL,86,,11.0,,48.5,37.5,75.0
Jaylen Warren,RB,PIT,87,,26.0,,56.5,30.5,61.0
Jakobi Meyers,WR,LV,88,,37.0,,62.5,25.5,51.0
Dontayvion Wicks,WR,GB,89,,77.0,,83.0,6.0,12.0
Romeo Doubs,WR,GB,90,,49.0,,69.5,20.5,41.0
Evan Engram,TE,JAX,91,,31.0,,61.0,30.0,60.0
Keenan Allen,WR,CHI,92,,95.0,,93.5,-1.5,-3.0
Cade Otton,TE,TB,93,,28.0,,60.5,32.5,65.0
Jake Ferguson,TE,DAL,94,,11.0,,52.5,41.5,83.0
Jayden Reed,WR,GB,95,,46.0,,70.5,24.5,49.0
Braelon Allen,RB,NYJ,96,,50.0,,73.0,23.0,46.0
James Conner,RB,ARI,97,,49.0,,73.0,24.0,48.0
Jared Goff,QB,DET,98,,17.0,,57.5,40.5,81.0
David Njoku,TE,CLE,99,,28.0,,63.5,35.5,71.0
Stefon Diggs,WR,HOU,100,,58.0,,79.0,21.0,42.0
Dak Prescott,QB,DAL,101,,10.0,,55.5,45.5,91.0
Kendre Miller,RB,NO,102,,75.0,,88.5,13.5,27.0
Dalton Schultz,TE,HOU,103,,20.0,,61.5,41.5,83.0
Pat Freiermuth,TE,PIT,104,,26.0,,65.0,39.0,78.0
Najee Harris,RB,PIT,105,,71.0,,88.0,17.0,34.0
DeMario Douglas,WR,NE,106,,105.0,,105.5,0.5,1.0
Josh Downs,WR,IND,107,,45.0,,76.0,31.0,62.0
J.K. Dobbins,RB,LAC,108,,33.0,,70.5,37.5,75.0
Travis Kelce,TE,KC,109,,10.0,,59.5,49.5,99.0
Isaac Guerendo,RB,SF,110,,82.0,,96.0,14.0,28.0
Dalton Kincaid,TE,BUF,111,,11.0,,61.0,50.0,100.0
Tony Pollard,RB,TEN,112,,31.0,,71.5,40.5,81.0
Michael Wilson,WR,ARI,113,,34.0,,73.5,39.5,79.0
Tank Dell,WR,HOU,114,,85.0,,99.5,14.5,29.0
Rome Odunze,WR,CHI,115,,23.0,,69.0,46.0,92.0
Nick Chubb,RB,CLE,116,,99.0,,107.5,8.5,17.0
Amari Cooper,WR,BUF,117,,,,117.0,0.0,
Adam Thielen,WR,CAR,118,,,,118.0,0.0,
Darnell Mooney,WR,ATL,119,,74.0,,96.5,22.5,45.0
Deebo Samuel Sr.,WR,SF,120,,61.0,,90.5,29.5,59.0
Courtland Sutton,WR,DEN,121,,33.0,,77.0,44.0,88.0
Chig Okonkwo,TE,TEN,122,,20.0,,71.0,51.0,102.0
Cole Kmet,TE,CHI,123,,43.0,,83.0,40.0,80.0
Javonte Williams,RB,DEN,124,,15.0,,69.5,54.5,109.0
Taysom Hill,TE,NO,125,,72.0,,98.5,26.5,53.0
Tyler Conklin,TE,NYJ,126,,66.0,,96.0,30.0,60.0
Tua Tagovailoa,QB,MIA,127,,32.0,,79.5,47.5,95.0
Isiah Pacheco,RB,KC,128,,50.0,,89.0,39.0,78.0
Xavier Legette,WR,CAR,129,,95.0,,112.0,17.0,34.0
Mike Gesicki,TE,CIN,130,,30.0,,80.0,50.0,100.0
Brandon Aiyuk,WR,SF,131,,60.0,,95.5,35.5,71.0
Hunter Henry,TE,NE,132,,18.0,,75.0,57.0,114.0
Rashid Shaheed,WR,NO,133,,59.0,,96.0,37.0,74.0
Kayshon Boutte,WR,NE,134,,68.0,,101.0,33.0,66.0
Rashod Bateman,WR,BAL,135,,88.0,,111.5,23.5,47.0
Caleb Williams,QB,CHI,136,,6.0,,71.0,65.0,130.0
Austin Ekeler,RB,WAS,137,,99.0,,118.0,19.0,38.0
Tyjae Spears,RB,TEN,138,,46.0,,92.0,46.0,92.0
Wan'Dale Robinson,WR,NYG,139,,39.0,,89.0,50.0,100.0
Noah Fant,TE,SEA,140,,47.0,,93.5,46.5,93.0
Jordan Mason,RB,SF,141,,41.0,,91.0,50.0,100.0
Juwan Johnson,TE,NO,142,,16.0,,79.0,63.0,126.0
Chris Olave,WR,NO,143,,11.0,,77.0,66.0,132.0
Aaron Jones,RB,MIN,144,,35.0,,89.5,54.5,109.0
Justice Hill,RB,BAL,145,,74.0,,109.5,35.5,71.0
Rhamondre Stevenson,RB,NE,146,,29.0,,87.5,58.5,117.0
Ray Davis,RB,BUF,147,,62.0,,104.5,42.5,85.0
Anthony Richardson,QB,IND,148,,35.0,,91.5,56.5,113.0
Sean Tucker,RB,TB,149,,63.0,,106.0,43.0,86.0
Khalil Shakir,WR,BUF,150,,48.0,,99.0,51.0,102.0
Cam Akers,RB,MIN,151,,121.0,,136.0,15.0,30.0
Will Shipley,RB,PHI,152,,84.0,,118.0,34.0,68.0
Keaton Mitchell,RB,BAL,153,,50.0,,101.5,51.5,103.0
Brian Robinson,RB,WAS,154,,53.0,,103.5,50.5,101.0
Keon Coleman,WR,BUF,155,,91.0,,123.0,32.0,64.0
Tyler Allgeier,RB,ATL,156,,42.0,,99.0,57.0,114.0
Noah Gray,TE,KC,157,,41.0,,99.0,58.0,116.0
Zack Moss,RB,CIN,158,,128.0,,143.0,15.0,30.0
Ameer Abdullah,RB,LV,159,,132.0,,145.5,13.5,27.0
Kareem Hunt,RB,KC,160,,94.0,,127.0,33.0,66.0
AJ Barner,TE,SEA,161,,22.0,,91.5,69.5,139.0
Jalen Coker,WR,CAR,162,,54.0,,108.0,54.0,108.0
Emanuel Wilson,RB,GB,163,,56.0,,109.5,53.5,107.0
Payne Durham,TE,TB,164,,99.0,,131.5,32.5,65.0
Nick Vannett,TE,TEN,165,,,,165.0,0.0,
Kenneth Gainwell,RB,PHI,166,,36.0,,101.0,65.0,130.0
Sam Darnold,QB,MIN,167,,22.0,,94.5,72.5,145.0
Tank Bigsby,RB,JAX,168,,56.0,,112.0,56.0,112.0
Will Dissly,TE,LAC,169,,80.0,,124.5,44.5,89.0
Khalil Herbert,RB,CIN,170,,112.0,,141.0,29.0,58.0
Ja'Tavion Sanders,TE,CAR,171,,40.0,,105.5,65.5,131.0
Zamir White,RB,LV,172,,117.0,,144.5,27.5,55.0
Ricky Pearsall,WR,SF,173,,41.0,,107.0,66.0,132.0
Marvin Mims Jr.,WR,DEN,174,,90.0,,132.0,42.0,84.0
Josh Palmer,WR,LAC,175,,,,175.0,0.0,
Gus Edwards,RB,LAC,176,,128.0,,152.0,24.0,48.0
Dameon Pierce,RB,HOU,177,,105.0,,141.0,36.0,72.0
Devin Singletary,RB,NYG,178,,83.0,,130.5,47.5,95.0
Antonio Gibson,RB,NE,179,,106.0,,142.5,36.5,73.0
DeAndre Hopkins,WR,KC,180,,140.0,,160.0,20.0,40.0
D'Onta Foreman,RB,CLE,181,,166.0,,173.5,7.5,15.0
Alexander Mattison,RB,LV,182,,120.0,,151.0,31.0,62.0
Justin Herbert,QB,LAC,183,,8.0,,95.5,87.5,175.0
Elijah Moore,WR,CLE,184,,131.0,,157.5,26.5,53.0
Trey Benson,RB,ARI,185,,61.0,,123.0,62.0,124.0
Jordan Akins,TE,CLE,186,,,,186.0,0.0,
Curtis Samuel,WR,BUF,187,,156.0,,171.5,15.5,31.0
Christian Watson,WR,GB,188,,26.0,,107.0,81.0,162.0
Luke Schoonmaker,TE,DAL,189,,69.0,,129.0,60.0,120.0
Troy Franklin,WR,DEN,190,,70.0,,130.0,60.0,120.0
Jeremy Ruckert,TE,NYJ,191,,78.0,,134.5,56.5,113.0
Chris Brooks,RB,GB,192,,78.0,,135.0,57.0,114.0
Darnell Washington,TE,PIT,193,,39.0,,116.0,77.0,154.0
Brenton Strange,TE,JAX,194,,16.0,,105.0,89.0,178.0
Kimani Vidal,RB,LAC,195,,60.0,,127.5,67.5,135.0
Jahan Dotson,WR,PHI,196,,104.0,,150.0,46.0,92.0
Jaylen Wright,RB,MIA,197,,64.0,,130.5,66.5,133.0
Miles Sanders,RB,CAR,198,,110.0,,154.0,44.0,88.0
Kylen Granson,TE,IND,199,,83.0,,141.0,58.0,116.0
Tutu Atwell,WR,LA,200,,103.0,,151.5,48.5,97.0
Jaleel McLaughlin,RB,DEN,201,,81.0,,141.0,60.0,120.0
Daniel Bellinger,TE,NYG,202,,51.0,,126.5,75.5,151.0
Grant Calcaterra,TE,PHI,203,,73.0,,138.0,65.0,130.0
Cade Stover,TE,HOU,204,,65.0,,134.5,69.5,139.0
Greg Dortch,WR,ARI,205,,134.0,,169.5,35.5,71.0
Raheem Mostert,RB,MIA,206,,112.0,,159.0,47.0,94.0
Alec Pierce,WR,IND,207,,30.0,,118.5,88.5,177.0
Dawson Knox,TE,BUF,208,,44.0,,126.0,82.0,164.0
Isaiah Davis,RB,NYJ,209,,73.0,,141.0,68.0,136.0
Pierre Strong,RB,CLE,210,,146.0,,178.0,32.0,64.0
Ezekiel Elliott,RB,DAL,211,,,,211.0,0.0,
Theo Johnson,TE,NYG,212,,31.0,,121.5,90.5,181.0
Josh Whyle,TE,TEN,213,,89.0,,151.0,62.0,124.0
Noah Brown,WR,WAS,214,,166.0,,190.0,24.0,48.0
Charlie Kolar,TE,BAL,215,,63.0,,139.0,76.0,152.0
Tyler Johnson,WR,LA,216,,196.0,,206.0,10.0,20.0
Emari Demercado,RB,ARI,217,,88.0,,152.5,64.5,129.0
Geno Smith,QB,SEA,218,,27.0,,122.5,95.5,191.0
Andrei Iosivas,WR,CIN,219,,102.0,,160.5,58.5,117.0
Gabe Davis,WR,JAX,220,,164.0,,192.0,28.0,56.0
Dyami Brown,WR,WAS,221,,126.0,,173.5,47.5,95.0
Andrew Ogletree,TE,IND,222,,,,222.0,0.0,
Colby Parkinson,TE,LA,223,,32.0,,127.5,95.5,191.0
Trey Sermon,RB,IND,224,,132.0,,178.0,46.0,92.0
Tommy Tremble,TE,CAR,225,,49.0,,137.0,88.0,176.0
Hayden Hurst,TE,LAC,226,,,,226.0,0.0,
Jonathan Ward,RB,PIT,227,,,,227.0,0.0,
Samaje Perine,RB,KC,228,,77.0,,152.5,75.5,151.0
Parker Washington,WR,JAX,229,,38.0,,133.5,95.5,191.0
Josh Oliver,TE,MIN,230,,73.0,,151.5,78.5,157.0
Blake Corum,RB,LA,231,,35.0,,133.0,98.0,196.0
Darius Slayton,WR,NYG,232,,98.0,,165.0,67.0,134.0
Deuce Vaughn,RB,DAL,233,,152.0,,192.5,40.5,81.0
Jalen Tolbert,WR,DAL,234,,109.0,,171.5,62.5,125.0
Roschon Johnson,RB,CHI,235,,100.0,,167.5,67.5,135.0
Gerald Everett,TE,CHI,236,,106.0,,171.0,65.0,130.0
Tyler Higbee,TE,LA,237,,40.0,,138.5,98.5,197.0
Brock Wright,TE,DET,238,,87.0,,162.5,75.5,151.0
Foster Moreau,TE,NO,239,,83.0,,161.0,78.0,156.0
Jonathan Mingo,WR,DAL,240,,178.0,,209.0,31.0,62.0
Adonai Mitchell,WR,IND,241,,66.0,,153.5,87.5,175.0
Bryce Young,QB,CAR,242,,24.0,,133.0,109.0,218.0
Craig Reynolds,RB,DET,243,,147.0,,195.0,48.0,96.0
John Metchie III,WR,HOU,244,,118.0,,181.0,63.0,126.0
Cordarrelle Patterson,RB,PIT,245,,163.0,,204.0,41.0,82.0
Ray-Ray McCloud,WR,ATL,246,,205.0,,225.5,20.5,41.0
Mack Hollins,WR,BUF,247,,95.0,,171.0,76.0,152.0
Ty Johnson,RB,BUF,248,,72.0,,160.0,88.0,176.0
Audric Estimé,RB,DEN,249,,,,249.0,0.0,
Matthew Stafford,QB,LA,250,,14.0,,132.0,118.0,236.0
Jeremy McNichols,RB,WAS,251,,101.0,,176.0,75.0,150.0
Mo Alie-Cox,TE,IND,252,,102.0,,177.0,75.0,150.0
MyCole Pruitt,TE,PIT,253,,,,253.0,0.0,
Harrison Bryant,TE,LV,254,,90.0,,172.0,82.0,164.0
Jalen Nailor,WR,MIN,255,,66.0,,160.5,94.5,189.0
Chris Rodriguez Jr.,RB,WAS,256,,40.0,,148.0,108.0,216.0
Greg Dulcich,TE,NYG,257,,26.0,,141.5,115.5,231.0
Marquise Brown,WR,KC,258,,,,258.0,0.0,
Adam Trautman,TE,DEN,259,,81.0,,170.0,89.0,178.0
Diontae Johnson,WR,HOU,260,,164.0,,212.0,48.0,96.0
Bub Means,WR,NO,261,,200.0,,230.5,30.5,61.0
Julian Hill,TE,MIA,262,,86.0,,174.0,88.0,176.0
Nate Adkins,TE,DEN,263,,,,263.0,0.0,
Carson Steele,RB,KC,264,,146.0,,205.0,59.0,118.0
Eric Saubert,TE,SF,265,,119.0,,192.0,73.0,146.0
Luke Musgrave,TE,GB,266,,52.0,,159.0,107.0,214.0
Austin Hooper,TE,NE,267,,55.0,,161.0,106.0,212.0
Rasheen Ali,RB,BAL,268,,94.0,,181.0,87.0,174.0
Kenny McIntosh,RB,SEA,269,,142.0,,205.5,63.5,127.0
Demarcus Robinson,WR,LA,270,,142.0,,206.0,64.0,128.0
D'Ernest Johnson,RB,JAX,271,,163.0,,217.0,54.0,108.0
Michael Mayer,TE,LV,272,,40.0,,156.0,116.0,232.0
Kendrick Bourne,WR,NE,273,,112.0,,192.5,80.5,161.0
Devaughn Vele,WR,DEN,274,,100.0,,187.0,87.0,174.0
Cedric Tillman,WR,CLE,275,,104.0,,189.5,85.5,171.0
Tim Patrick,WR,DET,276,,190.0,,233.0,43.0,86.0
Sincere McCormick,RB,LV,277,,124.0,,200.5,76.5,153.0
Ryan Miller,WR,TB,278,,,,278.0,0.0,
KaVontae Turpin,WR,DAL,279,,114.0,,196.5,82.5,165.0
Stone Smartt,TE,LAC,280,,90.0,,185.0,95.0,190.0
John Bates,TE,WAS,281,,43.0,,162.0,119.0,238.0
Durham Smythe,TE,MIA,282,,77.0,,179.5,102.5,205.0
Brevyn Spann-Ford,TE,DAL,283,,109.0,,196.0,87.0,174.0
Patrick Taylor,RB,SF,284,,131.0,,207.5,76.5,153.0
DeeJay Dallas,RB,ARI,285,,144.0,,214.5,70.5,141.0
Julius Chestnut,RB,TEN,286,,159.0,,222.5,63.5,127.0
Tyler Badie,RB,DEN,287,,109.0,,198.0,89.0,178.0
Ronnie Rivers,RB,LA,288,,141.0,,214.5,73.5,147.0
Davis Allen,TE,LA,289,,82.0,,185.5,103.5,207.0
Jermaine Burton,WR,CIN,290,,164.0,,227.0,63.0,126.0
Lucas Krull,TE,DEN,291,,108.0,,199.5,91.5,183.0
Aaron Rodgers,QB,NYJ,292,,29.0,,160.5,131.5,263.0
Olamide Zaccheaus,WR,WAS,293,,116.0,,204.5,88.5,177.0
Johnny Mundt,TE,MIN,294,,89.0,,191.5,102.5,205.0
Cam Grandy,TE,CIN,295,,,,295.0,0.0,
Tyler Goodson,RB,IND,296,,123.0,,209.5,86.5,173.0
Tyler Lockett,WR,SEA,297,,149.0,,223.0,74.0,148.0
Jamaal Williams,RB,NO,298,,,,298.0,0.0,
Luke McCaffrey,WR,WAS,299,,112.0,,205.5,93.5,187.0
David Moore,WR,CAR,300,,198.0,,249.0,51.0,102.0
Blake Whiteheart,TE,CLE,301,,,,301.0,0.0,
Trey Palmer,WR,TB,302,,174.0,,238.0,64.0,128.0
Ty Chandler,RB,MIN,303,,116.0,,209.5,93.5,187.0
Ja'Lynn Polk,WR,NE,304,,144.0,,224.0,80.0,160.0
Elijah Higgins,TE,ARI,305,,54.0,,179.5,125.5,251.0
Xavier Hutchinson,WR,HOU,306,,122.0,,214.0,92.0,184.0
Kalif Raymond,WR,DET,307,,118.0,,212.5,94.5,189.0
Malik Washington,WR,MIA,308,,87.0,,197.5,110.5,221.0
Tre Tucker,WR,LV,309,,72.0,,190.5,118.5,237.0
Hunter Long,TE,LA,310,,76.0,,193.0,117.0,234.0
Tanner Hudson,TE,CIN,311,,83.0,,197.0,114.0,228.0
Luke Farrell,TE,JAX,312,,95.0,,203.5,108.5,217.0
Lil'Jordan Humphrey,WR,DEN,313,,163.0,,238.0,75.0,150.0
Drew Sample,TE,CIN,314,,115.0,,214.5,99.5,199.0
Pharaoh Brown,TE,SEA,315,,,,315.0,0.0,
Jalin Hyatt,WR,NYG,316,,151.0,,233.5,82.5,165.0
Johnny Wilson,WR,PHI,317,,197.0,,257.0,60.0,120.0
Brandin Cooks,WR,DAL,318,,155.0,,236.5,81.5,163.0
Trayveon Williams,RB,CIN,319,,177.0,,248.0,71.0,142.0
Malik Willis,QB,GB,320,,19.0,,169.5,150.5,301.0
Peyton Hendershot,TE,KC,321,,,,321.0,0.0,
Tucker Fisk,TE,LAC,322,,,,322.0,0.0,
Kirk Cousins,QB,ATL,323,,34.0,,178.5,144.5,289.0
Jeff Wilson,RB,MIA,324,,164.0,,244.0,80.0,160.0
Van Jefferson,WR,PIT,325,,166.0,,245.5,79.5,159.0
Eric Tomlinson,TE,LAC,326,,,,326.0,0.0,
Christian Kirk,WR,JAX,327,,92.0,,209.5,117.5,235.0
Kameron Johnson,WR,TB,328,,,,328.0,0.0,
Hassan Haskins,RB,LAC,329,,125.0,,227.0,102.0,204.0
Deonte Harty,WR,BAL,330,,,,330.0,0.0,
Raheem Blackshear,RB,CAR,331,,,,331.0,0.0,
Deven Thompkins,WR,CAR,332,,,,332.0,0.0,
Will Mallory,TE,IND,333,,99.0,,216.0,117.0,234.0
Tyler Boyd,WR,TEN,334,,,,334.0,0.0,
Marcedes Lewis,TE,CHI,335,,,,335.0,0.0,
Chris Manhertz,TE,NYG,336,,,,336.0,0.0,
Dylan Laube,RB,LV,337,,121.0,,229.0,108.0,216.0
Jordan Love,QB,GB,338,,14.0,,176.0,162.0,324.0
K.J. Osborn,WR,WAS,339,,209.0,,274.0,65.0,130.0
Nelson Agholor,WR,BAL,340,,236.0,,288.0,52.0,104.0
Marquez Valdes-Scantling,WR,NO,341,,182.0,,261.5,79.5,159.0
Steven Sims,WR,BAL,342,,,,342.0,0.0,
Nick Westbrook-Ikhine,WR,TEN,343,,103.0,,223.0,120.0,240.0
Ronnie Bell,WR,SF,344,,163.0,,253.5,90.5,181.0
Erick All,TE,CIN,345,,59.0,,202.0,143.0,286.0
Sione Vaki,RB,DET,346,,,,346.0,0.0,
Allen Lazard,WR,NYJ,347,,197.0,,272.0,75.0,150.0
Ben Sims,TE,GB,348,,,,348.0,0.0,
Connor Heyward,TE,PIT,349,,125.0,,237.0,112.0,224.0
Ross Dwelley,TE,ATL,350,,,,350.0,0.0,
Malik Heath,WR,GB,351,,223.0,,287.0,64.0,128.0
Jordan Mims,RB,NO,352,,,,352.0,0.0,
Kenny Yeboah,TE,NYJ,353,,,,353.0,0.0,
David Martin-Robinson,TE,TEN,354,,,,354.0,0.0,
Dare Ogunbowale,RB,HOU,355,,139.0,,247.0,108.0,216.0
Mike Williams,WR,PIT,356,,,,356.0,0.0,
Feleipe Franks,TE,CAR,357,,,,357.0,0.0,
Tanner Conner,TE,MIA,358,,,,358.0,0.0,
DJ Chark,WR,LAC,359,,,,359.0,0.0,
Tip Reiman,TE,ARI,360,,94.0,,227.0,133.0,266.0
Sterling Shepard,WR,TB,361,,163.0,,262.0,99.0,198.0
Brayden Willis,TE,SF,362,,,,362.0,0.0,
Josiah Deguara,TE,JAX,363,,,,363.0,0.0,
Eric Gray,RB,NYG,364,,130.0,,247.0,117.0,234.0
Charlie Jones,WR,CIN,365,,192.0,,278.5,86.5,173.0
Simi Fehoko,WR,LAC,366,,,,366.0,0.0,
Laviska Shenault Jr.,WR,SEA,367,,,,367.0,0.0,
Britain Covey,WR,PHI,368,,,,368.0,0.0,
Avery Williams,RB,ATL,369,,,,369.0,0.0,
Hunter Luepke,RB,DAL,370,,,,370.0,0.0,
Josh Reynolds,WR,JAX,371,,173.0,,272.0,99.0,198.0
Jack Stoll,TE,PHI,372,,120.0,,246.0,126.0,252.0
Jaheim Bell,TE,NE,373,,87.0,,230.0,143.0,286.0
Mike Woods,WR,CLE,374,,,,374.0,0.0,
Ben Sinnott,TE,WAS,375,,45.0,,210.0,165.0,330.0
Charlie Woerner,TE,ATL,376,,,,376.0,0.0,
Trenton Irwin,WR,CIN,377,,235.0,,306.0,71.0,142.0
Dante Pettis,WR,NO,378,,189.0,,283.5,94.5,189.0
Jalen Brooks,WR,DAL,379,,,,379.0,0.0,
Jacob Cowing,WR,SF,380,,165.0,,272.5,107.5,215.0
Chris Collier,RB,LV,381,,,,381.0,0.0,
Myles Gaskin,RB,MIN,382,,195.0,,288.5,93.5,187.0
Tyler Scott,WR,CHI,383,,202.0,,292.5,90.5,181.0
Tyquan Thornton,WR,NE,384,,104.0,,244.0,140.0,280.0
Mike Boone,RB,CAR,385,,172.0,,278.5,106.5,213.0
Colson Yankoff,TE,WAS,386,,,,386.0,0.0,
Justin Watson,WR,KC,387,,206.0,,296.5,90.5,181.0
Ihmir Smith-Marsette,WR,NYG,388,,,,388.0,0.0,
Odell Beckham Jr.,WR,MIA,389,,246.0,,317.5,71.5,143.0
Derek Carr,QB,NO,390,,,,390.0,0.0,
Calvin Austin III,WR,PIT,391,,110.0,,250.5,140.5,281.0
Brandon Powell,WR,MIN,392,,,,392.0,0.0,
Derius Davis,WR,LAC,393,,212.0,,302.5,90.5,181.0
Kevin Austin Jr.,WR,NO,394,,171.0,,282.5,111.5,223.0
Ryan Flournoy,WR,DAL,395,,77.0,,236.0,159.0,318.0
Mason Tipton,WR,NO,396,,,,396.0,0.0,
Jordan Whittington,WR,LA,397,,113.0,,255.0,142.0,284.0
Quintin Morris,TE,BUF,398,,95.0,,246.5,151.5,303.0
JaMycal Hasty,RB,NE,399,,176.0,,287.5,111.5,223.0
Jamari Thrash,WR,CLE,400,,181.0,,290.5,109.5,219.0
Parris Campbell,WR,PHI,401,,223.0,,312.0,89.0,178.0
Joe Flacco,QB,IND,402,,45.0,,223.5,178.5,357.0
Zay Jones,WR,ARI,403,,176.0,,289.5,113.5,227.0
Xavier Gipson,WR,NYJ,404,,229.0,,316.5,87.5,175.0
JuJu Smith-Schuster,WR,KC,405,,168.0,,286.5,118.5,237.0
Scott Miller,WR,PIT,406,,,,406.0,0.0,
Jalen Reagor,WR,LAC,407,,239.0,,323.0,84.0,168.0
Tylan Wallace,WR,BAL,408,,187.0,,297.5,110.5,221.0
Isaiah Williams,WR,CIN,409,,153.0,,281.0,128.0,256.0
Jamison Crowder,WR,WAS,410,,,,410.0,0.0,
Dee Eskridge,WR,MIA,411,,234.0,,322.5,88.5,177.0
Travis Homer,RB,CHI,412,,179.0,,295.5,116.5,233.0
Adam Prentice,RB,NO,413,,,,413.0,0.0,
Cedrick Wilson Jr.,WR,NO,414,,208.0,,311.0,103.0,206.0
Ben Skowronek,WR,PIT,415,,206.0,,310.5,104.5,209.0
Bryce Oliver,WR,TEN,416,,,,416.0,0.0,
Tim Jones,WR,JAX,417,,,,417.0,0.0,
Javon Baker,WR,NE,418,,166.0,,292.0,126.0,252.0
Mecole Hardman,WR,KC,419,,221.0,,320.0,99.0,198.0
Irvin Charles,WR,NYJ,420,,,,420.0,0.0,
Allen Robinson,WR,DET,421,,,,421.0,0.0,
Braxton Berrios,WR,MIA,422,,221.0,,321.5,100.5,201.0
Ashton Dulin,WR,IND,423,,178.0,,300.5,122.5,245.0
Jameis Winston,QB,CLE,424,,41.0,,232.5,191.5,383.0
Terrace Marshall Jr.,WR,LV,425,,204.0,,314.5,110.5,221.0
Russell Wilson,QB,PIT,426,,53.0,,239.5,186.5,373.0
Devin Duvernay,WR,JAX,427,,209.0,,318.0,109.0,218.0
Dan Chisena,WR,CAR,428,,,,428.0,0.0,
DJ Turner,WR,LV,429,,,,429.0,0.0,
Malachi Corley,WR,NYJ,430,,166.0,,298.0,132.0,264.0
Jake Bobo,WR,SEA,431,,159.0,,295.0,136.0,272.0
Robert Woods,WR,HOU,432,,,,432.0,0.0,
River Cracraft,WR,MIA,433,,,,433.0,0.0,
Nikko Remigio,WR,KC,434,,,,434.0,0.0,
Xavier Smith,WR,LA,435,,181.0,,308.0,127.0,254.0
Rakim Jarrett,WR,TB,436,,,,436.0,0.0,
Treylon Burks,WR,TEN,437,,108.0,,272.5,164.5,329.0
James Proche,WR,CLE,438,,,,438.0,0.0,
Daniel Jones,QB,NYG,439,,25.0,,232.0,207.0,414.0
Dareke Young,WR,SEA,440,,,,440.0,0.0,
Bryce Ford-Wheaton,WR,NYG,441,,235.0,,338.0,103.0,206.0
Anthony Gould,WR,IND,442,,,,442.0,0.0,
KhaDarel Hodge,WR,ATL,443,,,,443.0,0.0,
Collin Johnson,WR,CHI,444,,,,444.0,0.0,
Jaelon Darden,WR,SEA,445,,,,445.0,0.0,
Alex Bachman,WR,LV,446,,,,446.0,0.0,
Jermaine Jackson,WR,NO,447,,,,447.0,0.0,
Justin Fields,QB,PIT,448,,35.0,,241.5,206.5,413.0
Andy Dalton,QB,CAR,449,,75.0,,262.0,187.0,374.0
Jha'Quan Jackson,WR,TEN,450,,,,450.0,0.0,
Chris Conley,WR,SF,451,,,,451.0,0.0,
Trent Sherfield,WR,MIN,452,,,,452.0,0.0,
Mason Kinsey,WR,TEN,453,,,,453.0,0.0,
Nick Mullens,QB,MIN,454,,72.0,,263.0,191.0,382.0
DeAndre Carter,WR,CHI,455,,232.0,,343.5,111.5,223.0
Trevor Lawrence,QB,JAX,456,,9.0,,232.5,223.5,447.0
Will Levis,QB,TEN,457,,56.0,,256.5,200.5,401.0
Cooper Rush,QB,DAL,458,,67.0,,262.5,195.5,391.0
Kenny Pickett,QB,PHI,459,,55.0,,257.0,202.0,404.0
Desmond Ridder,QB,LV,460,,85.0,,272.5,187.5,375.0
Aidan O'Connell,QB,LV,461,,64.0,,262.5,198.5,397.0
Marcus Mariota,QB,WAS,462,,42.0,,252.0,210.0,420.0
Mitchell Trubisky,QB,BUF,463,,63.0,,263.0,200.0,400.0
Gardner Minshew,QB,LV,464,,44.0,,254.0,210.0,420.0
Drew Lock,QB,NYG,465,,68.0,,266.5,198.5,397.0
Mac Jones,QB,JAX,466,,36.0,,251.0,215.0,430.0
Spencer Rattler,QB,NO,467,,47.0,,257.0,210.0,420.0
Deshaun Watson,QB,CLE,468,,32.0,,250.0,218.0,436.0
Davis Mills,QB,HOU,469,,54.0,,261.5,207.5,415.0
Jacoby Brissett,QB,NE,470,,26.0,,248.0,222.0,444.0
Michael Penix Jr.,QB,ATL,471,,30.0,,250.5,220.5,441.0
Tyson Bagent,QB,CHI,472,,53.0,,262.5,209.5,419.0
Trey Lance,QB,DAL,473,,49.0,,261.0,212.0,424.0
Clayton Tune,QB,ARI,474,,,,474.0,0.0,
Dorian Thompson-Robinson,QB,CLE,475,,88.0,,281.5,193.5,387.0
Mason Rudolph,QB,TEN,476,,60.0,,268.0,208.0,416.0
Taylor Heinicke,QB,LAC,477,,,,477.0,0.0,
Tyler Huntley,QB,MIA,478,,65.0,,271.5,206.5,413.0
Jake Haener,QB,NO,479,,,,479.0,0.0,
Josh Johnson,QB,BAL,480,,93.0,,286.5,193.5,387.0
