player_id,player_display_name,team,opponent,position,season,week,is_home,projected_ppr_base,ci_low,ci_high,position_rank_week,projected_ppr,matchup_multiplier,proj_receptions_week,projected_points,trending_adds_24h,waiver_score,waiver_rank
00-0039139,Jahmyr Gibbs,DET,LA,RB,2025,15,0,23.8797,19.43142,25.965567,1,23.8797,1.0,6.5,23.87969970703125,0,23.87969970703125,1
00-0039040,De'Von Achane,MIA,PIT,RB,2025,15,0,21.257393,17.479012,22.692307,2,21.257393,1.0,3.0,21.25739288330078,0,21.25739288330078,2
00-0038542,Bijan Robinson,ATL,TB,RB,2025,15,0,19.448872,16.912634,21.125269,3,19.448872,1.0,3.25,19.448871612548828,0,19.448871612548828,3
00-0039361,Bucky Irving,TB,ATL,RB,2025,15,1,18.589607,13.391321,17.802027,4,18.589607,1.0,3.25,18.58960723876953,0,18.58960723876953,4
00-0036919,Kenneth Gainwell,PIT,MIA,RB,2025,15,1,15.201451,11.264047,16.60001,7,15.201451,1.0,5.25,15.201451301574707,0,15.201451301574707,5
00-0037840,Kyren Williams,LA,DET,RB,2025,15,1,14.933734,12.662547,15.854079,8,14.933734,1.0,1.0,14.933733940124512,0,14.933733940124512,6
00-0038597,Chase Brown,CIN,BAL,RB,2025,15,1,14.762298,13.58666,16.564999,9,14.762298,1.0,4.5,14.762297630310059,0,14.762297630310059,7
00-0038134,Kenneth Walker III,SEA,IND,RB,2025,15,1,14.601852,13.788633,18.550058,10,14.601852,1.0,2.5,14.601852416992188,0,14.601852416992188,8
00-0038120,Breece Hall,NYJ,JAX,RB,2025,15,0,13.949025,12.308066,14.491289,11,13.949025,1.0,2.0,13.94902515411377,0,13.94902515411377,9
00-0036223,Jonathan Taylor,IND,SEA,RB,2025,15,0,13.913914,13.459728,17.15077,12,13.913914,1.0,2.0,13.91391372680664,0,13.91391372680664,10
00-0036158,J.K. Dobbins,DEN,GB,RB,2025,15,1,13.885629,11.370618,14.766951,13,13.885629,1.0,1.25,13.885628700256348,0,13.885628700256348,11
00-0039384,Tyrone Tracy Jr.,NYG,WAS,RB,2025,15,1,13.727851,11.731457,14.542003,14,13.727851,1.0,2.25,13.727850914001465,0,13.727850914001465,12
00-0036139,Rico Dowdle,CAR,NO,RB,2025,15,0,13.600397,10.6667,14.460651,15,13.600397,1.0,3.5,13.600397109985352,0,13.600397109985352,13
00-0035700,Josh Jacobs,GB,DEN,RB,2025,15,0,13.590712,12.512788,15.650705,16,13.590712,1.0,2.0,13.59071159362793,0,13.59071159362793,14
00-0036555,Chuba Hubbard,CAR,NO,RB,2025,15,0,12.330566,10.930073,13.75786,19,12.330566,1.0,2.0,12.33056640625,0,12.33056640625,15
00-0036973,Travis Etienne,JAX,NYJ,RB,2025,15,1,12.306642,11.133905,13.067144,20,12.306642,1.0,1.25,12.306641578674316,0,12.306641578674316,16
00-0036275,D'Andre Swift,CHI,CLE,RB,2025,15,1,11.999053,11.120604,13.937353,22,11.999053,1.0,1.25,11.999053001403809,0,11.999053001403809,17
00-0037256,Rachaad White,TB,ATL,RB,2025,15,1,11.75276,8.579286,11.512416,23,11.75276,1.0,1.75,11.75275993347168,0,11.75275993347168,18
00-0035261,Tony Pollard,TEN,SF,RB,2025,15,0,11.656968,11.037403,13.0125885,24,11.656968,1.0,2.0,11.656968116760254,0,11.656968116760254,19
00-0033553,James Conner,ARI,HOU,RB,2025,15,0,11.080435,8.928568,11.360057,25,11.080435,1.0,2.6666666666666665,11.080434799194336,0,11.080434799194336,20
00-0039165,Zach Charbonnet,SEA,IND,RB,2025,15,1,10.997385,9.14016,12.008849,26,10.997385,1.0,1.0,10.997385025024414,0,10.997385025024414,21
00-0037248,James Cook,BUF,NE,RB,2025,15,0,10.738399,11.93082,16.072048,27,10.738399,1.0,2.75,10.738398551940918,0,10.738398551940918,22
00-0039391,Kimani Vidal,LAC,KC,RB,2025,15,0,10.589061,10.094344,12.299806,29,10.589061,1.0,1.25,10.58906078338623,0,10.58906078338623,23
00-0035685,David Montgomery,DET,LA,RB,2025,15,0,10.119048,9.010169,11.1829605,30,10.119048,1.0,1.75,10.119048118591309,0,10.119048118591309,24
00-0036875,Rhamondre Stevenson,NE,BUF,RB,2025,15,1,10.10199,8.9097595,11.117095,31,10.10199,1.0,1.75,10.10198974609375,0,10.10198974609375,25
00-0036997,Javonte Williams,DAL,MIN,RB,2025,15,1,9.51841,9.889301,12.439609,32,9.51841,1.0,2.0,9.518409729003906,0,9.518409729003906,26
00-0035250,Devin Singletary,NYG,WAS,RB,2025,15,1,9.504835,8.447767,10.5386715,33,9.504835,1.0,1.75,9.50483512878418,0,9.50483512878418,27
00-0039921,Trey Benson,ARI,HOU,RB,2025,15,0,9.234819,8.524612,10.723879,34,9.234819,1.0,3.25,9.234819412231445,0,9.234819412231445,28
00-0038797,Emanuel Wilson,GB,DEN,RB,2025,15,0,9.065909,7.977127,10.270077,35,9.065909,1.0,0.75,9.065909385681152,0,9.065909385681152,29
00-0037228,Jaylen Warren,PIT,MIA,RB,2025,15,1,8.732999,8.581392,11.122362,36,8.732999,1.0,1.75,8.732998847961426,0,8.732998847961426,30
00-0033699,Austin Ekeler,WAS,NYG,RB,2025,15,0,8.719724,6.932298,9.742601,37,8.719724,1.0,2.5,8.71972370147705,0,8.71972370147705,31
00-0037525,Jordan Mason,MIN,DAL,RB,2025,15,0,8.520533,7.1709056,9.182476,38,8.520533,1.0,0.25,8.520532608032227,0,8.520532608032227,32
00-0039032,Tyjae Spears,TEN,SF,RB,2025,15,0,8.48414,5.476042,9.773823,39,8.48414,1.0,4.25,8.484140396118164,0,8.484140396118164,33
00-0038951,Sean Tucker,TB,ATL,RB,2025,15,1,8.437001,7.188937,9.489105,40,8.437001,1.0,0.75,8.43700122833252,0,8.43700122833252,34
00-0037263,Tyler Allgeier,ATL,TB,RB,2025,15,0,8.362123,7.0459785,8.719875,41,8.362123,1.0,1.75,8.362122535705566,0,8.362122535705566,35
00-0036924,Michael Carter,ARI,HOU,RB,2025,15,0,8.344855,8.179813,10.200751,42,8.344855,1.0,3.75,8.344855308532715,0,8.344855308532715,36
00-0039738,Blake Corum,LA,DET,RB,2025,15,1,7.891525,6.766724,9.919599,43,7.891525,1.0,0.5,7.891524791717529,0,7.891524791717529,37
00-0038611,Chris Rodriguez Jr.,WAS,NYG,RB,2025,15,0,7.818151,7.532404,9.569142,44,7.818151,1.0,0.25,7.818150997161865,0,7.818150997161865,38
00-0037197,Isiah Pacheco,KC,LAC,RB,2025,15,1,7.764005,7.1195636,9.312021,45,7.764005,1.0,0.75,7.764005184173584,0,7.764005184173584,39
00-0035537,Ty Johnson,BUF,NE,RB,2025,15,0,7.570409,6.078309,8.476427,46,7.570409,1.0,2.5,7.570408821105957,0,7.570408821105957,40
00-0037746,Brian Robinson,SF,TEN,RB,2025,15,1,7.345188,6.5326753,8.782255,47,7.345188,1.0,0.5,7.345188140869141,0,7.345188140869141,41
00-0038551,Kendre Miller,NO,CAR,RB,2025,15,1,7.3094745,6.2657747,7.980364,48,7.3094745,1.0,0.5,7.309474468231201,0,7.309474468231201,42
00-0035243,Miles Sanders,DAL,MIN,RB,2025,15,1,7.30048,6.435064,7.971278,49,7.30048,1.0,2.0,7.300479888916016,0,7.300479888916016,43
00-0038454,Keaton Mitchell,BAL,CIN,RB,2025,15,0,7.2036104,5.9358625,7.811901,50,7.2036104,1.0,1.25,7.203610420227051,0,7.203610420227051,44
00-0038705,Emari Demercado,ARI,HOU,RB,2025,15,0,6.9128165,6.240224,7.665499,51,6.9128165,1.0,1.5,6.912816524505615,0,6.912816524505615,45
00-0033526,Samaje Perine,CIN,BAL,RB,2025,15,1,6.498264,5.211714,7.324291,52,6.498264,1.0,1.0,6.498263835906982,0,6.498263835906982,46
00-0039794,Braelon Allen,NYJ,JAX,RB,2025,15,0,6.0624986,4.8382397,7.871183,53,6.0624986,1.0,0.5,6.062498569488525,0,6.062498569488525,47
00-0039874,Jaylen Wright,MIA,PIT,RB,2025,15,0,5.9227285,4.5440116,6.6020603,54,5.9227285,1.0,0.0,5.922728538513184,0,5.922728538513184,48
00-0038794,Jaleel McLaughlin,DEN,GB,RB,2025,15,1,5.215968,4.577703,5.9502506,55,5.215968,1.0,0.75,5.215968132019043,0,5.215968132019043,49
00-0033955,Jeremy McNichols,WAS,NYG,RB,2025,15,0,4.9738646,3.915571,5.8498917,56,4.9738646,1.0,1.5,4.973864555358887,0,4.973864555358887,50
00-0036328,Antonio Gibson,NE,BUF,RB,2025,15,1,4.880934,4.6859446,5.7863474,57,4.880934,1.0,0.5,4.88093376159668,0,4.88093376159668,51
00-0034791,Nick Chubb,HOU,ARI,RB,2025,15,1,4.7100253,3.9135792,5.1528034,58,4.7100253,1.0,0.25,4.710025310516357,0,4.710025310516357,52
00-0036414,Cam Akers,MIN,DAL,RB,2025,15,0,4.540445,0.9157555,4.443021,59,4.540445,1.0,0.0,4.540444850921631,0,4.540444850921631,53
00-0036893,Najee Harris,LAC,KC,RB,2025,15,0,4.3946414,4.04912,5.6344595,60,4.3946414,1.0,1.0,4.394641399383545,0,4.394641399383545,54
00-0036360,Clyde Edwards-Helaire,KC,LAC,RB,2025,15,1,4.373015,3.7364652,5.428166,61,4.373015,1.0,1.0,4.3730149269104,0,4.3730149269104,55
00-0038040,Zamir White,LV,PHI,RB,2025,15,0,4.1895275,3.8325624,5.352477,62,4.1895275,1.0,1.0,4.18952751159668,0,4.18952751159668,56
00-0039757,Terrell Jennings,NE,BUF,RB,2025,15,1,3.8845813,3.5566409,4.3029633,63,3.8845813,1.0,0.25,3.8845813274383545,0,3.8845813274383545,57
00-0038685,Chris Brooks,GB,DEN,RB,2025,15,0,3.7584162,3.4458222,4.285514,64,3.7584162,1.0,1.0,3.758416175842285,0,3.758416175842285,58
00-0037557,Ronnie Rivers,LA,DET,RB,2025,15,1,3.5027575,3.1132936,4.305591,65,3.5027575,1.0,0.0,3.5027575492858887,0,3.5027575492858887,59
00-0037617,Hassan Haskins,LAC,KC,RB,2025,15,0,3.4676216,3.0356357,3.8512676,66,3.4676216,1.0,1.0,3.4676215648651123,0,3.4676215648651123,60
00-0039373,Audric Estimé,NO,CAR,RB,2025,15,1,3.3905587,2.373633,4.4085507,67,3.3905587,1.0,0.0,3.3905587196350098,0,3.3905587196350098,61
00-0037267,Jerome Ford,CLE,CHI,RB,2025,15,0,3.375765,2.9794538,4.5320406,68,3.375765,1.0,1.25,3.375765085220337,0,3.375765085220337,62
00-0039746,Will Shipley,PHI,LV,RB,2025,15,1,3.319369,2.9310317,4.565086,69,3.319369,1.0,1.0,3.319369077682495,0,3.319369077682495,63
00-0039798,Isaiah Davis,NYJ,JAX,RB,2025,15,0,3.2830484,2.6631465,3.625586,70,3.2830484,1.0,0.0,3.283048391342163,0,3.283048391342163,64
00-0031687,Raheem Mostert,LV,PHI,RB,2025,15,0,3.2819934,3.0242963,4.6376867,71,3.2819934,1.0,1.5,3.2819933891296387,0,3.2819933891296387,65
00-0038555,Tank Bigsby,PHI,LV,RB,2025,15,1,3.265433,2.9739757,4.602106,72,3.265433,1.0,0.0,3.2654330730438232,0,3.2654330730438232,66
00-0037085,Tyler Badie,DEN,GB,RB,2025,15,1,3.1410968,3.2267272,4.444137,73,3.1410968,1.0,1.25,3.141096830368042,0,3.141096830368042,67
00-0037258,Dameon Pierce,HOU,ARI,RB,2025,15,1,3.1114545,2.7519164,3.6704023,74,3.1114545,1.0,0.0,3.111454486846924,0,3.111454486846924,68
00-0039299,George Holani,SEA,IND,RB,2025,15,1,3.0820494,2.7591283,3.4005017,75,3.0820494,1.0,0.0,3.0820493698120117,0,3.0820493698120117,69
00-0039875,Ray Davis,BUF,NE,RB,2025,15,0,2.9614317,2.5462244,4.1112328,76,2.9614317,1.0,0.0,2.9614317417144775,0,2.9614317417144775,70
00-0036727,Adam Prentice,DEN,GB,RB,2025,15,1,2.9541435,2.2427046,3.5112262,77,2.9541435,1.0,1.25,2.954143524169922,0,2.954143524169922,71
00-0035628,D'Ernest Johnson,NE,BUF,RB,2025,15,1,2.9385197,2.6398883,3.9651399,78,2.9385197,1.0,0.0,2.9385197162628174,0,2.9385197162628174,72
00-0039796,Rasheen Ali,BAL,CIN,RB,2025,15,0,2.8295946,2.439682,3.2662616,79,2.8295946,1.0,0.75,2.829594612121582,0,2.829594612121582,73
00-0035311,Myles Gaskin,SEA,IND,RB,2025,15,1,2.774552,2.255263,3.216844,80,2.774552,1.0,0.0,2.7745521068573,0,2.7745521068573,74
00-0039363,Isaac Guerendo,SF,TEN,RB,2025,15,1,2.7437916,1.941064,3.0392528,81,2.7437916,1.0,0.0,2.7437915802001953,0,2.7437915802001953,75
00-0035291,Trayveon Williams,LAC,KC,RB,2025,15,0,2.2437825,1.8045958,2.9012134,82,2.2437825,1.0,0.5,2.2437825202941895,0,2.2437825202941895,76
00-0038738,Hunter Luepke,DAL,MIN,RB,2025,15,1,2.1639905,1.5648289,2.4836402,83,2.1639905,1.0,1.0,2.1639904975891113,0,2.1639904975891113,77
00-0037745,Velus Jones Jr.,SEA,IND,RB,2025,15,1,2.0978656,1.7021763,2.4906538,84,2.0978656,1.0,0.0,2.097865581512451,0,2.097865581512451,78
00-0032104,Ameer Abdullah,IND,SEA,RB,2025,15,0,2.0757186,1.4601886,2.6907043,85,2.0757186,1.0,0.75,2.075718641281128,0,2.075718641281128,79
00-0039021,Roschon Johnson,CHI,CLE,RB,2025,15,1,2.0016627,1.6431739,2.6224437,86,2.0016627,1.0,0.0,2.0016627311706543,0,2.0016627311706543,80
00-0036950,Avery Williams,NYJ,JAX,RB,2025,15,0,1.8836528,0.85175383,3.2487376,87,1.8836528,1.0,0.0,1.8836528062820435,0,1.8836528062820435,81
00-0036984,Trey Sermon,PIT,MIA,RB,2025,15,1,1.6989523,1.4750042,2.252475,88,1.6989523,1.0,0.0,1.698952317237854,0,1.698952317237854,82
00-0034975,Justice Hill,BAL,CIN,RB,2025,15,0,1.6986161,1.4896914,2.6789918,89,1.6986161,1.0,0.75,1.6986161470413208,0,1.6986161470413208,83
00-0037120,Tyler Goodson,IND,SEA,RB,2025,15,0,1.6738418,1.2867864,2.0027099,90,1.6738418,1.0,0.25,1.6738418340682983,0,1.6738418340682983,84
00-0035567,Craig Reynolds,DET,LA,RB,2025,15,0,1.4909029,0.99949414,2.0057096,91,1.4909029,1.0,0.0,1.4909029006958008,0,1.4909029006958008,85
00-0037594,Julius Chestnut,TEN,SF,RB,2025,15,0,1.4609858,1.0480003,1.837145,92,1.4609858,1.0,0.0,1.460985779762268,0,1.460985779762268,86
00-0034959,Andrew Beck,NYJ,JAX,RB,2025,15,0,1.4525719,1.0529255,2.0681882,93,1.4525719,1.0,0.5,1.4525718688964844,0,1.4525718688964844,87
00-0036425,DeeJay Dallas,CAR,NO,RB,2025,15,0,1.4264208,0.9837227,1.701942,94,1.4264208,1.0,0.0,1.42642080783844,0,1.42642080783844,88
00-0039603,British Brooks,HOU,ARI,RB,2025,15,1,1.2885368,1.0102134,1.5400143,95,1.2885368,1.0,0.0,1.288536787033081,0,1.288536787033081,89
00-0035726,Jakob Johnson,HOU,ARI,RB,2025,15,1,1.2171143,1.0151864,1.9238558,96,1.2171143,1.0,0.0,1.2171143293380737,0,1.2171143293380737,90
00-0039364,Sione Vaki,DET,LA,RB,2025,15,0,1.1979152,0.9267801,1.5139334,97,1.1979152,1.0,0.0,1.1979151964187622,0,1.1979151964187622,91
00-0038678,Jordan Mims,TEN,SF,RB,2025,15,0,1.1362429,0.87196,1.5783355,98,1.1362429,1.0,0.0,1.1362428665161133,0,1.1362428665161133,92
00-0036906,Khalil Herbert,NYJ,JAX,RB,2025,15,0,1.1135885,0.9600945,1.6385288,99,1.1135885,1.0,0.0,1.1135884523391724,0,1.1135884523391724,93
00-0033854,Dare Ogunbowale,HOU,ARI,RB,2025,15,1,1.0977535,0.84280044,2.1427894,100,1.0977535,1.0,0.25,1.0977535247802734,0,1.0977535247802734,94
00-0035594,Travis Homer,CHI,CLE,RB,2025,15,1,1.079925,0.98817515,2.350187,101,1.079925,1.0,0.0,1.0799249410629272,0,1.0799249410629272,95
00-0038396,Eric Gray,NYG,WAS,RB,2025,15,1,1.0243309,0.6637175,1.2984523,102,1.0243309,1.0,0.0,1.0243308544158936,0,1.0243308544158936,96
00-0036842,Kene Nwangwu,NYJ,JAX,RB,2025,15,0,1.017825,0.7613925,1.4988109,103,1.017825,1.0,0.0,1.0178250074386597,0,1.0178250074386597,97
00-0036569,Gary Brightwell,CIN,BAL,RB,2025,15,1,0.98665637,0.90026,1.7967194,104,0.98665637,1.0,0.0,0.9866563677787781,0,0.9866563677787781,98
00-0037276,Ty Chandler,MIN,DAL,RB,2025,15,0,0.9620568,0.6851381,1.2535313,105,0.9620568,1.0,0.0,0.9620568156242371,0,0.9620568156242371,99
00-0039407,Dylan Laube,LV,PHI,RB,2025,15,0,0.92769426,0.6920318,1.2361488,106,0.92769426,1.0,0.0,0.9276942610740662,0,0.9276942610740662,100
