player_id,player_display_name,team,opponent,position,season,week,is_home,projected_ppr_base,ci_low,ci_high,position_rank_week,projected_ppr,matchup_multiplier,proj_receptions_week,projected_points
00-0039851,Drake Maye,NE,SEA,QB,2026,1,0,24.562654,20.407019,26.566303,1,24.562654,1.0,0.0,24.562654495239258
00-0033106,Jared Goff,DET,NO,QB,2026,1,1,19.336742,17.443233,21.241983,2,19.336742,1.0,0.0,19.336742401123047
00-0033873,Patrick Mahomes,KC,DEN,QB,2026,1,1,19.27126,15.749392,22.13807,3,19.27126,1.0,0.0,19.271259307861328
00-0034857,Josh Allen,BUF,HOU,QB,2026,1,0,18.608273,15.730982,21.922836,4,18.608273,1.0,0.0,18.608272552490234
00-0040691,Jaxson Dart,NYG,DAL,QB,2026,1,1,17.627075,16.319975,19.871593,5,17.627075,1.0,0.0,17.6270751953125
00-0039918,Caleb Williams,CHI,CAR,QB,2026,1,0,17.53544,16.316936,21.016401,6,17.53544,1.0,0.0,17.53544044494629
00-0036355,Justin Herbert,LAC,ARI,QB,2026,1,1,17.362293,14.563384,18.847958,7,17.362293,1.0,0.0,17.362293243408203
00-0033077,Dak Prescott,DAL,NYG,QB,2026,1,0,17.35346,15.198905,20.66624,8,17.35346,1.0,0.0,17.35346031188965
00-0035710,Daniel Jones,IND,BAL,QB,2026,1,1,17.27913,14.606786,19.30539,9,17.27913,1.0,0.0,17.279130935668945
00-0039732,Bo Nix,DEN,KC,QB,2026,1,0,17.056814,14.608186,19.767254,10,17.056814,1.0,0.0,17.056814193725586
00-0036389,Jalen Hurts,PHI,WAS,QB,2026,1,1,16.862597,14.629132,18.395323,11,16.862597,1.0,0.0,16.86259651184082
00-0033119,Jacoby Brissett,ARI,LAC,QB,2026,1,0,16.86155,13.766493,17.954327,12,16.86155,1.0,0.0,16.861549377441406
00-0026498,Matthew Stafford,LA,SF,QB,2026,1,1,16.78642,12.955421,19.020086,13,16.78642,1.0,0.0,16.786420822143555
00-0034855,Baker Mayfield,TB,CIN,QB,2026,1,0,16.668467,15.906924,18.792007,14,16.668467,1.0,0.0,16.668466567993164
00-0036971,Trevor Lawrence,JAX,CLE,QB,2026,1,1,16.591782,14.070323,22.908463,15,16.591782,1.0,0.0,16.591781616210938
00-0039150,Bryce Young,CAR,CHI,QB,2026,1,1,16.314037,12.891106,16.914171,16,16.314037,1.0,0.0,16.314037322998047
00-0039163,C.J. Stroud,HOU,BUF,QB,2026,1,1,16.25424,13.667097,17.659878,17,16.25424,1.0,0.0,16.254240036010742
00-0040676,Cam Ward,TEN,NYJ,QB,2026,1,1,15.773283,12.728886,17.577501,18,15.773283,1.0,0.0,15.773283004760742
00-0023459,Aaron Rodgers,PIT,ATL,QB,2026,1,1,15.17123,10.779544,18.139837,19,15.17123,1.0,0.0,15.17123031616211
00-0036212,Tua Tagovailoa,MIA,LV,QB,2026,1,0,15.002237,11.146781,15.27921,20,15.002237,1.0,0.0,15.002237319946289
00-0039910,Jayden Daniels,WAS,PHI,QB,2026,1,0,14.965541,12.66105,17.469143,21,14.965541,1.0,0.0,14.965540885925293
00-0034796,Lamar Jackson,BAL,IND,QB,2026,1,0,14.882161,13.274507,16.908184,22,14.882161,1.0,0.0,14.882161140441895
00-0034869,Sam Darnold,SEA,NE,QB,2026,1,1,14.757822,12.2479515,17.203558,23,14.757822,1.0,0.0,14.757822036743164
00-0039923,J.J. McCarthy,MIN,GB,QB,2026,1,1,14.454548,12.641734,16.696821,24,14.454548,1.0,0.0,14.454547882080078
00-0034955,Brett Rypien,CIN,TB,QB,2026,1,1,14.1485615,11.391227,16.136969,25,14.1485615,1.0,0.0,14.148561477661133
00-0036264,Jordan Love,GB,MIN,QB,2026,1,0,14.119887,12.86553,15.770933,26,14.119887,1.0,0.0,14.119887351989746
00-0031345,Jimmy Garoppolo,LA,SF,QB,2026,1,1,14.028666,10.310381,16.85542,27,14.028666,1.0,0.0,14.028665542602539
00-0037834,Brock Purdy,SF,LA,QB,2026,1,0,13.977836,11.332077,16.869411,28,13.977836,1.0,0.0,13.977835655212402
00-0032268,Marcus Mariota,WAS,PHI,QB,2026,1,0,13.962176,11.141363,17.972948,29,13.962176,1.0,0.0,13.962176322937012
00-0033869,Mitchell Trubisky,BUF,HOU,QB,2026,1,0,13.928191,9.03412,16.225645,30,13.928191,1.0,0.0,13.928191184997559
00-0036442,Joe Burrow,CIN,TB,QB,2026,1,1,13.81143,12.648698,16.216276,31,13.81143,1.0,0.0,13.811429977416992
00-0030565,Geno Smith,LV,MIA,QB,2026,1,1,13.735537,10.76779,20.14435,32,13.735537,1.0,0.0,13.735536575317383
00-0036945,Justin Fields,NYJ,TEN,QB,2026,1,0,13.68605,11.501286,14.441293,33,13.68605,1.0,0.0,13.686050415039062
00-0033319,Nick Mullens,JAX,CLE,QB,2026,1,1,13.550087,9.718584,15.149179,34,13.550087,1.0,0.0,13.550086975097656
00-0029263,Russell Wilson,NYG,DAL,QB,2026,1,1,12.877708,10.352019,16.026756,35,12.877708,1.0,0.0,12.877708435058594
00-0032950,Carson Wentz,MIN,GB,QB,2026,1,1,12.594731,9.579377,14.169849,36,12.594731,1.0,0.0,12.594731330871582
00-0036972,Mac Jones,SF,LA,QB,2026,1,0,12.282252,10.953826,14.798218,37,12.282252,1.0,0.0,12.282252311706543
00-0022942,Philip Rivers,IND,BAL,QB,2026,1,1,12.221665,10.498373,15.611401,38,12.221665,1.0,0.0,12.221665382385254
00-0040668,Shedeur Sanders,CLE,JAX,QB,2026,1,0,12.115239,8.90677,13.7885895,39,12.115239,1.0,0.0,12.115239143371582
00-0031503,Jameis Winston,NYG,DAL,QB,2026,1,1,11.923818,9.412557,14.073834,40,11.923818,1.0,0.0,11.92381763458252
00-0040743,Tyler Shough,NO,DET,QB,2026,1,0,11.408666,9.304364,12.951303,41,11.408666,1.0,0.0,11.408665657043457
00-0036898,Davis Mills,HOU,BUF,QB,2026,1,1,11.246648,10.00897,13.422589,42,11.246648,1.0,0.0,11.246647834777832
00-0039376,Spencer Rattler,NO,DET,QB,2026,1,0,11.226585,9.505094,14.500649,43,11.226585,1.0,0.0,11.226585388183594
00-0039917,Michael Penix Jr.,ATL,PIT,QB,2026,1,0,11.213282,9.008538,14.530213,44,11.213282,1.0,0.0,11.213281631469727
00-0026158,Joe Flacco,CIN,TB,QB,2026,1,1,11.153246,8.756572,14.595497,45,11.153246,1.0,0.0,11.15324592590332
00-0028118,Tyrod Taylor,NYJ,TEN,QB,2026,1,0,10.785051,8.62542,14.637306,46,10.785051,1.0,0.0,10.785051345825195
00-0033662,Cooper Rush,BAL,IND,QB,2026,1,0,10.437201,8.041828,13.493512,47,10.437201,1.0,0.0,10.437200546264648
00-0033949,Joshua Dobbs,NE,SEA,QB,2026,1,0,10.437201,8.27365,13.496282,48,10.437201,1.0,0.0,10.437200546264648
00-0040494,Max Brosmer,MIN,GB,QB,2026,1,1,10.383391,5.420023,11.674065,49,10.383391,1.0,0.0,10.383391380310059
00-0039164,Anthony Richardson,IND,BAL,QB,2026,1,1,10.302292,7.346331,14.250799,50,10.302292,1.0,0.0,10.302291870117188
00-0032434,Brandon Allen,TEN,NYJ,QB,2026,1,1,10.256443,7.555535,13.955782,51,10.256443,1.0,0.0,10.25644302368164
00-0040234,Quinn Ewers,MIA,LV,QB,2026,1,0,10.209807,8.119999,14.306597,52,10.209807,1.0,0.0,10.209807395935059
00-0029604,Kirk Cousins,ATL,PIT,QB,2026,1,0,10.190407,9.688364,13.332872,53,10.190407,1.0,0.0,10.190406799316406
00-0035228,Kyler Murray,ARI,LAC,QB,2026,1,0,10.174559,9.438332,13.345171,54,10.174559,1.0,0.0,10.174558639526367
00-0038128,Malik Willis,GB,MIN,QB,2026,1,0,9.951472,8.210467,11.800867,55,9.951472,1.0,0.0,9.951472282409668
00-0040673,Jalen Milroe,SEA,NE,QB,2026,1,1,9.653312,6.278755,12.241915,56,9.653312,1.0,0.0,9.653311729431152
00-0034771,Mason Rudolph,PIT,ATL,QB,2026,1,1,9.59192,5.3634753,12.944722,57,9.59192,1.0,0.0,9.591919898986816
00-0038582,Clayton Tune,GB,MIN,QB,2026,1,0,9.586858,8.167568,14.158006,58,9.586858,1.0,0.0,9.586857795715332
00-0038658,Adrian Martinez,SF,LA,QB,2026,1,0,9.586201,8.019021,11.821591,59,9.586201,1.0,0.0,9.586200714111328
00-0037013,Zach Wilson,MIA,LV,QB,2026,1,0,9.432324,6.6110907,10.898171,60,9.432324,1.0,0.0,9.432324409484863
00-0035704,Drew Lock,SEA,NE,QB,2026,1,1,9.42402,7.5587587,12.436647,61,9.42402,1.0,0.0,9.424019813537598
00-0031237,Teddy Bridgewater,TB,CIN,QB,2026,1,0,9.136297,6.143914,13.200975,62,9.136297,1.0,0.0,9.136297225952148
00-0035289,Gardner Minshew,KC,DEN,QB,2026,1,1,9.076865,7.5859885,13.19548,63,9.076865,1.0,0.0,9.076865196228027
00-0037012,Trey Lance,LAC,ARI,QB,2026,1,1,8.734878,5.9211674,11.819005,64,8.734878,1.0,0.0,8.734877586364746
00-0027973,Andy Dalton,CAR,CHI,QB,2026,1,1,8.630785,4.4454365,12.474466,65,8.630785,1.0,0.0,8.63078498840332
00-0035993,Tyler Huntley,BAL,IND,QB,2026,1,0,8.535184,6.333502,11.8522835,66,8.535184,1.0,0.0,8.535183906555176
00-0038400,Tanner McKee,PHI,WAS,QB,2026,1,1,8.530008,5.816238,11.764234,67,8.530008,1.0,0.0,8.530008316040039
00-0038416,Tyson Bagent,CHI,CAR,QB,2026,1,0,8.512856,6.904156,11.87327,68,8.512856,1.0,0.0,8.512855529785156
00-0035264,Jarrett Stidham,DEN,KC,QB,2026,1,0,8.332869,7.3215537,12.620246,69,8.332869,1.0,0.0,8.332868576049805
00-0034577,Kyle Allen,DET,NO,QB,2026,1,1,8.311802,7.175958,12.232698,70,8.311802,1.0,0.0,8.31180191040039
00-0038102,Kenny Pickett,LV,MIA,QB,2026,1,1,8.249334,5.4346647,11.975807,71,8.249334,1.0,0.0,8.249334335327148
00-0035100,Jake Browning,CIN,TB,QB,2026,1,1,7.8388214,7.3867474,11.79393,72,7.8388214,1.0,0.0,7.8388214111328125
00-0026300,Josh Johnson,WAS,PHI,QB,2026,1,0,7.5317807,4.099196,12.141659,73,7.5317807,1.0,0.0,7.53178071975708
00-0036679,Shane Buechele,KC,DEN,QB,2026,1,1,7.218643,3.8630571,9.967733,74,7.218643,1.0,0.0,7.2186431884765625
00-0037324,Chris Oladokun,KC,DEN,QB,2026,1,1,7.1226254,3.6066651,9.564207,75,7.1226254,1.0,0.0,7.122625350952148
00-0038579,Aidan O'Connell,LV,MIA,QB,2026,1,1,6.906195,5.0577602,10.404846,76,6.906195,1.0,0.0,6.906195163726807
00-0039577,Kedon Slovis,ARI,LAC,QB,2026,1,0,6.5975466,5.3396616,10.183731,77,6.5975466,1.0,0.0,6.597546577453613
00-0040206,Riley Leonard,IND,BAL,QB,2026,1,1,6.283778,5.049919,9.965698,78,6.283778,1.0,0.0,6.283778190612793
00-0040398,Brady Cook,NYJ,TEN,QB,2026,1,0,5.907415,3.1689713,8.119156,79,5.907415,1.0,0.0,5.90741491317749
00-0040704,Dillon Gabriel,CLE,JAX,QB,2026,1,0,5.687504,4.2824073,8.847043,80,5.687504,1.0,0.0,5.687503814697266
00-0039398,Joe Milton III,DAL,NYG,QB,2026,1,0,5.511747,3.9947803,9.003477,81,5.511747,1.0,0.0,5.511746883392334
00-0038542,Bijan Robinson,ATL,PIT,RB,2026,1,0,21.810633,16.031786,22.2944,1,21.810633,1.0,0.0,21.810632705688477
00-0039139,Jahmyr Gibbs,DET,NO,RB,2026,1,1,21.63698,18.069166,22.874853,2,21.63698,1.0,0.0,21.636980056762695
00-0039040,De'Von Achane,MIA,LV,RB,2026,1,0,19.99022,16.30626,22.180586,3,19.99022,1.0,0.0,19.990219116210938
00-0036223,Jonathan Taylor,IND,BAL,RB,2026,1,1,19.84816,15.462953,22.326729,4,19.84816,1.0,0.0,19.848159790039062
00-0038597,Chase Brown,CIN,TB,RB,2026,1,1,15.742726,13.065055,16.413157,5,15.742726,1.0,0.0,15.74272632598877
00-0037840,Kyren Williams,LA,SF,RB,2026,1,1,15.318832,13.4843235,16.620079,6,15.318832,1.0,0.0,15.318832397460938
00-0040122,Ashton Jeanty,LV,MIA,RB,2026,1,1,14.986686,13.36214,17.237194,7,14.986686,1.0,0.0,14.986685752868652
00-0040666,Omarion Hampton,LAC,ARI,RB,2026,1,1,14.808635,12.863321,16.263334,8,14.808635,1.0,0.0,14.808634757995605
00-0040715,Cam Skattebo,NYG,DAL,RB,2026,1,1,14.696252,12.298852,15.142495,9,14.696252,1.0,0.0,14.69625186920166
00-0037248,James Cook,BUF,HOU,RB,2026,1,0,14.222368,12.207471,15.560443,10,14.222368,1.0,0.0,14.222368240356445
00-0040730,RJ Harvey,DEN,KC,RB,2026,1,0,13.85758,10.548058,14.718586,11,13.85758,1.0,0.0,13.857580184936523
00-0036997,Javonte Williams,DAL,NYG,RB,2026,1,0,13.79091,12.142427,15.102238,12,13.79091,1.0,0.0,13.790909767150879
00-0036973,Travis Etienne,JAX,CLE,RB,2026,1,1,13.277669,10.9541235,15.672437,13,13.277669,1.0,0.0,13.277668952941895
00-0040734,TreVeyon Henderson,NE,SEA,RB,2026,1,0,13.274821,11.175128,14.96492,14,13.274821,1.0,0.0,13.274821281433105
00-0040784,Quinshon Judkins,CLE,JAX,RB,2026,1,0,12.859282,10.627586,14.626163,15,12.859282,1.0,0.0,12.859281539916992
00-0039165,Zach Charbonnet,SEA,NE,RB,2026,1,1,12.827245,10.876861,14.659256,16,12.827245,1.0,0.0,12.827244758605957
00-0035700,Josh Jacobs,GB,MIN,RB,2026,1,0,12.478673,11.014782,14.20141,17,12.478673,1.0,0.0,12.478672981262207
00-0033280,Christian McCaffrey,SF,LA,RB,2026,1,0,12.465351,9.729381,17.425335,18,12.465351,1.0,0.0,12.465351104736328
00-0036275,D'Andre Swift,CHI,CAR,RB,2026,1,0,12.119003,10.824905,13.263948,19,12.119003,1.0,0.0,12.119003295898438
00-0039361,Bucky Irving,TB,CIN,RB,2026,1,0,12.020102,10.191968,14.293212,20,12.020102,1.0,0.0,12.020101547241211
00-0034844,Saquon Barkley,PHI,WAS,RB,2026,1,1,11.928805,10.557248,13.411032,21,11.928805,1.0,0.0,11.928805351257324
00-0032764,Derrick Henry,BAL,IND,RB,2026,1,0,11.404127,8.065767,14.563617,22,11.404127,1.0,0.0,11.40412712097168
00-0038120,Breece Hall,NYJ,TEN,RB,2026,1,0,11.164127,9.991633,12.847579,23,11.164127,1.0,0.0,11.164127349853516
00-0040583,Woody Marks,HOU,BUF,RB,2026,1,1,11.154429,8.99989,12.998418,24,11.154429,1.0,0.0,11.15442943572998
00-0038134,Kenneth Walker III,SEA,NE,RB,2026,1,1,10.92199,9.239035,12.321441,25,10.92199,1.0,0.0,10.921990394592285
00-0036919,Kenny Gainwell,PIT,ATL,RB,2026,1,1,10.83223,9.021546,11.691919,26,10.83223,1.0,0.0,10.832229614257812
00-0036875,Rhamondre Stevenson,NE,SEA,RB,2026,1,0,10.337811,9.476758,11.693043,27,10.337811,1.0,0.0,10.337811470031738
00-0037228,Jaylen Warren,PIT,ATL,RB,2026,1,1,10.301243,9.677362,12.369785,28,10.301243,1.0,0.0,10.30124282836914
00-0036158,J.K. Dobbins,DEN,KC,RB,2026,1,0,10.121268,8.572636,12.153427,29,10.121268,1.0,0.0,10.121268272399902
00-0039384,Tyrone Tracy Jr.,NYG,DAL,RB,2026,1,1,9.872604,8.550647,10.736094,30,9.872604,1.0,0.0,9.872604370117188
00-0036139,Rico Dowdle,CAR,CHI,RB,2026,1,1,9.780305,8.838619,11.924255,31,9.780305,1.0,0.0,9.780304908752441
00-0039391,Kimani Vidal,LAC,ARI,RB,2026,1,1,9.638297,7.340272,10.637985,32,9.638297,1.0,0.0,9.638297080993652
00-0040644,Trevor Etienne,CAR,CHI,RB,2026,1,1,9.608207,6.6066947,11.432761,33,9.608207,1.0,0.0,9.608206748962402
00-0040238,LeQuint Allen Jr.,JAX,CLE,RB,2026,1,1,9.586401,8.598419,15.555474,34,9.586401,1.0,0.0,9.586400985717773
00-0035261,Tony Pollard,TEN,NYJ,RB,2026,1,1,9.205005,7.122774,10.264667,35,9.205005,1.0,0.0,9.205004692077637
00-0033923,Kareem Hunt,KC,DEN,RB,2026,1,1,9.002055,9.480274,14.0609865,36,9.002055,1.0,0.0,9.002055168151855
00-0040021,Phil Mafah,DAL,NYG,RB,2026,1,0,8.77852,7.4722395,10.010522,37,8.77852,1.0,0.0,8.778519630432129
00-0033906,Alvin Kamara,NO,DET,RB,2026,1,0,8.3693285,6.6014175,10.173697,38,8.3693285,1.0,0.0,8.369328498840332
00-0040236,Kyle Monangai,CHI,CAR,RB,2026,1,0,8.174106,6.8005285,9.467617,39,8.174106,1.0,0.0,8.174105644226074
00-0039373,Audric Estimé,NO,DET,RB,2026,1,0,7.8427157,6.2680044,9.402203,40,7.8427157,1.0,0.0,7.842715740203857
00-0033293,Aaron Jones,MIN,GB,RB,2026,1,1,7.8416214,6.416683,9.551846,41,7.8416214,1.0,0.0,7.841621398925781
00-0035685,David Montgomery,DET,NO,RB,2026,1,1,7.7722516,6.5343075,8.356293,42,7.7722516,1.0,0.0,7.772251605987549
00-0037617,Hassan Haskins,LAC,ARI,RB,2026,1,1,7.5373335,5.518803,9.554479,43,7.5373335,1.0,0.0,7.5373334884643555
00-0033553,James Conner,ARI,LAC,RB,2026,1,0,7.374224,6.011674,9.48306,44,7.374224,1.0,0.0,7.3742241859436035
00-0034791,Nick Chubb,HOU,BUF,RB,2026,1,1,7.311646,7.944149,11.661905,45,7.311646,1.0,0.0,7.311645984649658
00-0040162,Dylan Sampson,CLE,JAX,RB,2026,1,0,7.1963377,7.225128,11.864236,46,7.1963377,1.0,0.0,7.196337699890137
00-0040242,Jacory Croskey-Merritt,WAS,PHI,RB,2026,1,0,7.16524,6.8002424,8.854906,47,7.16524,1.0,0.0,7.1652398109436035
00-0036950,Avery Williams,NYJ,TEN,RB,2026,1,0,7.1480527,5.606713,8.531697,48,7.1480527,1.0,0.0,7.14805269241333
00-0036924,Michael Carter,ARI,LAC,RB,2026,1,0,7.128717,5.789344,8.002417,49,7.128717,1.0,0.0,7.128716945648193
00-0040078,Brashard Smith,KC,DEN,RB,2026,1,1,7.1068945,5.096853,8.201963,50,7.1068945,1.0,0.0,7.106894493103027
00-0037157,Bam Knight,ARI,LAC,RB,2026,1,0,7.0782113,6.158231,8.716992,51,7.0782113,1.0,0.0,7.078211307525635
00-0033854,Dare Ogunbowale,HOU,BUF,RB,2026,1,1,7.0583825,6.601133,10.765237,52,7.0583825,1.0,0.0,7.058382511138916
00-0039921,Trey Benson,ARI,LAC,RB,2026,1,0,6.950913,5.396304,7.6383743,53,6.950913,1.0,0.0,6.950912952423096
00-0034367,Nyheim Hines,NO,DET,RB,2026,1,0,6.9497113,5.384178,8.153959,54,6.9497113,1.0,0.0,6.949711322784424
00-0038458,Owen Wright,TB,CIN,RB,2026,1,0,6.94181,5.4288917,8.437055,55,6.94181,1.0,0.0,6.941810131072998
00-0035726,Jakob Johnson,HOU,BUF,RB,2026,1,1,6.935387,5.4468737,8.94037,56,6.935387,1.0,0.0,6.935387134552002
00-0034681,Chase Edmonds,WAS,PHI,RB,2026,1,0,6.9222784,5.429349,8.138906,57,6.9222784,1.0,0.0,6.92227840423584
00-0036555,Chuba Hubbard,CAR,CHI,RB,2026,1,1,6.843811,6.0090547,8.463326,58,6.843811,1.0,0.0,6.84381103515625
00-0038611,Chris Rodriguez Jr.,WAS,PHI,RB,2026,1,0,6.7840376,5.533717,7.6639175,59,6.7840376,1.0,0.0,6.7840375900268555
00-0035311,Myles Gaskin,SEA,NE,RB,2026,1,1,6.7686553,5.380681,8.814805,60,6.7686553,1.0,0.0,6.768655300140381
00-0036984,Trey Sermon,PIT,ATL,RB,2026,1,1,6.729368,5.4304104,8.9387245,61,6.729368,1.0,0.0,6.729368209838867
00-0035628,D'Ernest Johnson,NE,SEA,RB,2026,1,0,6.7015343,5.222869,7.8452663,62,6.7015343,1.0,0.0,6.701534271240234
00-0035567,Craig Reynolds,DET,NO,RB,2026,1,1,6.6951113,5.2980537,8.591306,63,6.6951113,1.0,0.0,6.695111274719238
00-0035291,Trayveon Williams,CLE,JAX,RB,2026,1,0,6.688472,5.356928,8.676905,64,6.688472,1.0,0.0,6.688471794128418
00-0036328,Antonio Gibson,NE,SEA,RB,2026,1,0,6.678044,5.960219,9.062497,65,6.678044,1.0,0.0,6.678043842315674
00-0037525,Jordan Mason,MIN,GB,RB,2026,1,1,6.668143,5.867309,7.8741727,66,6.668143,1.0,0.0,6.668142795562744
00-0031687,Raheem Mostert,LV,MIA,RB,2026,1,1,6.624182,6.322797,10.607723,67,6.624182,1.0,0.0,6.624182224273682
00-0036893,Najee Harris,LAC,ARI,RB,2026,1,1,6.6080284,6.268716,8.877746,68,6.6080284,1.0,0.0,6.608028411865234
00-0036906,Khalil Herbert,NYJ,TEN,RB,2026,1,0,6.589324,5.231326,8.329277,69,6.589324,1.0,0.0,6.589323997497559
00-0033699,Austin Ekeler,WAS,PHI,RB,2026,1,0,6.5569243,6.104356,9.542781,70,6.5569243,1.0,0.0,6.556924343109131
00-0039738,Blake Corum,LA,SF,RB,2026,1,1,6.4508886,5.112577,7.6325245,71,6.4508886,1.0,0.0,6.450888633728027
00-0035243,Miles Sanders,DAL,NYG,RB,2026,1,0,6.425884,6.2187753,9.599006,72,6.425884,1.0,0.0,6.425883769989014
00-0039032,Tyjae Spears,TEN,NYJ,RB,2026,1,1,6.39907,5.777977,7.887404,73,6.39907,1.0,0.0,6.399069786071777
00-0036360,Clyde Edwards-Helaire,KC,DEN,RB,2026,1,1,6.365494,5.546507,8.941879,74,6.365494,1.0,0.0,6.3654937744140625
00-0037256,Rachaad White,TB,CIN,RB,2026,1,0,6.2523026,5.141579,7.527429,75,6.2523026,1.0,0.0,6.252302646636963
00-0038040,Zamir White,LV,MIA,RB,2026,1,1,6.222821,5.4261713,9.158227,76,6.222821,1.0,0.0,6.222821235656738
00-0036414,Cam Akers,SEA,NE,RB,2026,1,1,6.140685,5.267349,8.851023,77,6.140685,1.0,0.0,6.140685081481934
00-0039405,Jawhar Jordan,HOU,BUF,RB,2026,1,1,6.014602,4.258685,6.8269525,78,6.014602,1.0,0.0,6.014602184295654
00-0038951,Sean Tucker,TB,CIN,RB,2026,1,0,5.840742,4.514014,6.935852,79,5.840742,1.0,0.0,5.840742111206055
00-0040198,Ollie Gordon II,MIA,LV,RB,2026,1,0,5.7008114,4.905662,8.272699,80,5.7008114,1.0,0.0,5.700811386108398
00-0039874,Jaylen Wright,MIA,LV,RB,2026,1,0,5.499622,4.517684,6.235374,81,5.499622,1.0,0.0,5.499621868133545
00-0037263,Tyler Allgeier,ATL,PIT,RB,2026,1,0,5.335645,4.8439317,6.9766035,82,5.335645,1.0,0.0,5.3356451988220215
00-0040719,Bhayshul Tuten,JAX,CLE,RB,2026,1,1,5.325463,4.7247353,6.40179,83,5.325463,1.0,0.0,5.325462818145752
00-0039798,Isaiah Davis,NYJ,TEN,RB,2026,1,0,5.2583847,4.4997187,5.9718723,84,5.2583847,1.0,0.0,5.258384704589844
00-0040202,Devin Neal,NO,DET,RB,2026,1,0,5.235935,4.2179165,6.1153927,85,5.235935,1.0,0.0,5.235935211181641
00-0039794,Braelon Allen,NYJ,TEN,RB,2026,1,0,5.217769,4.513162,7.381607,86,5.217769,1.0,0.0,5.217769145965576
00-0040586,Jaydon Blue,DAL,NYG,RB,2026,1,0,5.1016297,3.9932685,5.781657,87,5.1016297,1.0,0.0,5.101629734039307
00-0037746,Brian Robinson,SF,LA,RB,2026,1,0,4.9648595,3.526036,5.919573,88,4.9648595,1.0,0.0,4.964859485626221
00-0038454,Keaton Mitchell,BAL,IND,RB,2026,1,0,4.9648113,4.1118045,5.670332,89,4.9648113,1.0,0.0,4.964811325073242
00-0037197,Isiah Pacheco,KC,DEN,RB,2026,1,1,4.920763,4.821461,6.2885065,90,4.920763,1.0,0.0,4.92076301574707
00-0037329,Brittain Brown,CHI,CAR,RB,2026,1,0,4.6760554,3.7190557,4.8603835,91,4.6760554,1.0,0.0,4.676055431365967
00-0035537,Ty Johnson,BUF,HOU,RB,2026,1,0,4.666543,3.9405513,5.80001,92,4.666543,1.0,0.0,4.666543006896973
00-0038797,Emanuel Wilson,GB,MIN,RB,2026,1,0,4.66339,3.7446518,5.692444,93,4.66339,1.0,0.0,4.663390159606934
00-0038551,Kendre Miller,NO,DET,RB,2026,1,0,4.6583724,3.4747965,4.8311157,94,4.6583724,1.0,0.0,4.658372402191162
00-0040142,Kaleb Johnson,PIT,ATL,RB,2026,1,1,4.6582913,2.7985458,5.3422318,95,4.6582913,1.0,0.0,4.658291339874268
00-0034975,Justice Hill,BAL,IND,RB,2026,1,0,4.6466265,4.173353,5.400312,96,4.6466265,1.0,0.0,4.6466264724731445
00-0038555,Tank Bigsby,PHI,WAS,RB,2026,1,1,4.633166,3.7311532,5.916356,97,4.633166,1.0,0.0,4.6331658363342285
00-0040466,Raheim Sanders,CLE,JAX,RB,2026,1,0,4.5866065,3.6189556,4.8958783,98,4.5866065,1.0,0.0,4.586606502532959
00-0035250,Devin Singletary,NYG,DAL,RB,2026,1,1,4.5607843,3.8857949,5.6116953,99,4.5607843,1.0,0.0,4.560784339904785
00-0038705,Emari Demercado,ARI,LAC,RB,2026,1,0,4.5343466,3.814411,5.187475,100,4.5343466,1.0,0.0,4.534346580505371
00-0033526,Samaje Perine,CIN,TB,RB,2026,1,1,4.4864216,3.5754445,5.2600303,101,4.4864216,1.0,0.0,4.486421585083008
00-0039875,Ray Davis,BUF,HOU,RB,2026,1,0,4.427076,3.5156004,5.646204,102,4.427076,1.0,0.0,4.4270758628845215
00-0036755,Jaret Patterson,LAC,ARI,RB,2026,1,1,4.40469,3.9148874,5.421761,103,4.40469,1.0,0.0,4.404689788818359
00-0038794,Jaleel McLaughlin,DEN,KC,RB,2026,1,0,4.389024,3.4794855,4.8297343,104,4.389024,1.0,0.0,4.389023780822754
00-0033955,Jeremy McNichols,WAS,PHI,RB,2026,1,0,4.3522496,3.7114432,5.218181,105,4.3522496,1.0,0.0,4.352249622344971
00-0040039,Amar Johnson,LAC,ARI,RB,2026,1,1,4.3518243,3.6220064,4.9528737,106,4.3518243,1.0,0.0,4.3518242835998535
00-0040476,Ulysses Bentley IV,IND,BAL,RB,2026,1,1,4.2348595,4.061427,5.871537,107,4.2348595,1.0,0.0,4.234859466552734
00-0038440,Zavier Scott,MIN,GB,RB,2026,1,1,4.1520224,3.3457823,4.885534,108,4.1520224,1.0,0.0,4.152022361755371
00-0038409,Lew Nichols III,PIT,ATL,RB,2026,1,1,4.112737,3.7493026,5.3849645,109,4.112737,1.0,0.0,4.11273717880249
00-0036567,Elijah Mitchell,KC,DEN,RB,2026,1,1,4.028913,3.7500076,5.6197405,110,4.028913,1.0,0.0,4.0289130210876465
00-0037563,Malik Davis,DAL,NYG,RB,2026,1,0,4.014567,3.281996,4.4972644,111,4.014567,1.0,0.0,4.014566898345947
00-0036569,Gary Brightwell,CIN,TB,RB,2026,1,1,3.995824,3.3916743,4.9568777,112,3.995824,1.0,0.0,3.995824098587036
00-0038678,Jordan Mims,TEN,NYJ,RB,2026,1,1,3.9597998,3.5313334,4.9830165,113,3.9597998,1.0,0.0,3.9597997665405273
00-0040179,DJ Giddens,IND,BAL,RB,2026,1,1,3.841189,2.8813477,4.806467,114,3.841189,1.0,0.0,3.841188907623291
00-0039266,Kendall Milton,CIN,TB,RB,2026,1,1,3.8155963,3.1368923,4.482322,115,3.8155963,1.0,0.0,3.815596342086792
00-0038396,Eric Gray,NYG,DAL,RB,2026,1,1,3.801853,3.5400527,4.81252,116,3.801853,1.0,0.0,3.8018529415130615
00-0037267,Jerome Ford,CLE,JAX,RB,2026,1,0,3.7724326,3.3208306,4.5129623,117,3.7724326,1.0,0.0,3.772432565689087
00-0039746,Will Shipley,PHI,WAS,RB,2026,1,1,3.5904503,3.036955,4.6065598,118,3.5904503,1.0,0.0,3.5904502868652344
00-0040547,Nate Carter,ATL,PIT,RB,2026,1,0,3.58651,3.0541883,4.167346,119,3.58651,1.0,0.0,3.586509943008423
00-0037085,Tyler Badie,DEN,KC,RB,2026,1,0,3.5792568,3.029206,4.379917,120,3.5792568,1.0,0.0,3.579256772994995
00-0039796,Rasheen Ali,BAL,IND,RB,2026,1,0,3.5763717,3.3254502,4.6294994,121,3.5763717,1.0,0.0,3.576371669769287
00-0040067,Jacardia Wright,SEA,NE,RB,2026,1,1,3.5703907,3.259711,4.758791,122,3.5703907,1.0,0.0,3.5703907012939453
00-0040208,Tahj Brooks,CIN,TB,RB,2026,1,1,3.5575888,2.9351623,4.7544675,123,3.5575888,1.0,0.0,3.557588815689087
00-0037594,Julius Chestnut,TEN,NYJ,RB,2026,1,1,3.507844,3.1962018,4.625896,124,3.507844,1.0,0.0,3.5078439712524414
00-0039757,Terrell Jennings,NE,SEA,RB,2026,1,0,3.4977982,3.0383582,4.9339733,125,3.4977982,1.0,0.0,3.497798204421997
00-0039364,Sione Vaki,DET,NO,RB,2026,1,1,3.4701724,3.0827043,4.1119328,126,3.4701724,1.0,0.0,3.47017240524292
00-0040556,Corey Kiner,ARI,LAC,RB,2026,1,0,3.4530523,2.8689556,3.8843613,127,3.4530523,1.0,0.0,3.453052282333374
00-0040649,Robbie Ouzts,SEA,NE,RB,2026,1,1,3.4149773,2.8964753,3.8469849,128,3.4149773,1.0,0.0,3.4149773120880127
00-0038738,Hunter Luepke,DAL,NYG,RB,2026,1,0,3.3959875,3.0528615,4.1897817,129,3.3959875,1.0,0.0,3.3959875106811523
00-0040429,Josh Williams,TB,CIN,RB,2026,1,0,3.3845606,2.69805,3.9396422,130,3.3845606,1.0,0.0,3.3845605850219727
00-0032104,Ameer Abdullah,IND,BAL,RB,2026,1,1,3.3032937,2.9601762,5.717885,131,3.3032937,1.0,0.0,3.3032937049865723
00-0039299,George Holani,SEA,NE,RB,2026,1,1,3.2547054,2.694107,3.7116213,132,3.2547054,1.0,0.0,3.2547054290771484
00-0039363,Isaac Guerendo,SF,LA,RB,2026,1,0,3.2284627,2.8110204,3.591475,133,3.2284627,1.0,0.0,3.2284626960754395
00-0038685,Chris Brooks,GB,MIN,RB,2026,1,0,3.1912303,2.7745993,4.0694175,134,3.1912303,1.0,0.0,3.191230297088623
00-0039407,Dylan Laube,LV,MIA,RB,2026,1,1,3.1770277,2.2273388,3.8993752,135,3.1770277,1.0,0.0,3.177027702331543
00-0039021,Roschon Johnson,CHI,CAR,RB,2026,1,0,3.170614,2.7305293,4.4718738,136,3.170614,1.0,0.0,3.170614004135132
00-0039603,British Brooks,HOU,BUF,RB,2026,1,1,3.1630704,2.3773494,3.3791928,137,3.1630704,1.0,0.0,3.1630704402923584
00-0040205,Kalel Mullings,TEN,NYJ,RB,2026,1,1,3.1367838,2.5597978,3.7425408,138,3.1367838,1.0,0.0,3.1367838382720947
00-0038397,Evan Hull,NO,DET,RB,2026,1,0,3.0897908,2.4684505,3.3188481,139,3.0897908,1.0,0.0,3.0897908210754395
00-0037258,Dameon Pierce,KC,DEN,RB,2026,1,1,3.083284,2.4603052,3.418251,140,3.083284,1.0,0.0,3.0832839012145996
00-0037120,Tyler Goodson,IND,BAL,RB,2026,1,1,3.0804217,2.7551951,3.929611,141,3.0804217,1.0,0.0,3.0804216861724854
00-0036265,AJ Dillon,PHI,WAS,RB,2026,1,1,3.050126,2.351915,3.4555001,142,3.050126,1.0,0.0,3.050126075744629
00-0037276,Ty Chandler,MIN,GB,RB,2026,1,1,3.0235379,2.7491202,3.7200437,143,3.0235379,1.0,0.0,3.0235378742218018
00-0036842,Kene Nwangwu,NYJ,TEN,RB,2026,1,0,3.023202,2.4147413,3.4632483,144,3.023202,1.0,0.0,3.0232019424438477
00-0038896,Jacob Saylors,DET,NO,RB,2026,1,1,3.0228376,2.6196861,3.683038,145,3.0228376,1.0,0.0,3.0228376388549805
00-0033376,Patrick Ricard,BAL,IND,RB,2026,1,0,3.0137236,2.259549,4.750646,146,3.0137236,1.0,0.0,3.013723611831665
00-0035594,Travis Homer,CHI,CAR,RB,2026,1,0,3.0059853,2.8779504,4.244598,147,3.0059853,1.0,0.0,3.0059852600097656
00-0038488,Brady Russell,SEA,NE,RB,2026,1,1,2.8721566,2.5574563,3.2883372,148,2.8721566,1.0,0.0,2.8721566200256348
00-0036187,Reggie Gilliam,BUF,HOU,RB,2026,1,0,2.7937198,2.3894043,3.5966358,149,2.7937198,1.0,0.0,2.79371976852417
00-0036425,DeeJay Dallas,JAX,CLE,RB,2026,1,1,2.7778003,2.3092072,3.3154552,150,2.7778003,1.0,0.0,2.7778003215789795
00-0037557,Ronnie Rivers,LA,SF,RB,2026,1,1,2.7674818,2.186295,3.2463608,151,2.7674818,1.0,0.0,2.767481803894043
00-0039338,Brock Bowers,LV,MIA,TE,2026,1,1,13.736374,6.311786,15.06591,1,13.736374,1.0,0.0,13.736373901367188
00-0040126,Colston Loveland,CHI,CAR,TE,2026,1,0,11.409411,9.525325,15.798269,2,11.409411,1.0,0.0,11.409411430358887
00-0039847,Theo Johnson,NYG,DAL,TE,2026,1,1,10.702221,6.825611,10.389179,3,10.702221,1.0,0.0,10.702220916748047
00-0037744,Trey McBride,ARI,LAC,TE,2026,1,0,10.494781,10.101725,14.38803,4,10.494781,1.0,0.0,10.494780540466309
00-0033090,Hunter Henry,NE,SEA,TE,2026,1,0,10.241506,8.6393,11.351728,5,10.241506,1.0,0.0,10.24150562286377
00-0040128,Tyler Warren,IND,BAL,TE,2026,1,1,10.166857,7.4430037,13.731505,6,10.166857,1.0,0.0,10.16685676574707
00-0036970,Kyle Pitts,ATL,PIT,TE,2026,1,0,9.708717,7.41516,10.806009,7,9.708717,1.0,0.0,9.708717346191406
00-0040663,Harold Fannin Jr.,CLE,JAX,TE,2026,1,0,9.638805,7.3981056,14.630973,8,9.638805,1.0,0.0,9.638805389404297
00-0030061,Zach Ertz,WAS,PHI,TE,2026,1,0,9.164394,6.5226026,11.030855,9,9.164394,1.0,0.0,9.16439437866211
00-0033288,George Kittle,SF,LA,TE,2026,1,0,9.063778,7.2788763,12.056688,10,9.063778,1.0,0.0,9.063777923583984
00-0034383,Dalton Schultz,HOU,BUF,TE,2026,1,1,8.632687,7.3503394,9.855488,11,8.632687,1.0,0.0,8.632686614990234
00-0030506,Travis Kelce,KC,DEN,TE,2026,1,1,8.614154,7.1298075,11.6874895,12,8.614154,1.0,0.0,8.614153861999512
00-0038041,Jake Ferguson,DAL,NYG,TE,2026,1,0,8.504021,7.247928,9.744409,13,8.504021,1.0,0.0,8.504020690917969
00-0038933,Dalton Kincaid,BUF,HOU,TE,2026,1,0,8.26554,6.8972645,9.781016,14,8.26554,1.0,0.0,8.26554012298584
00-0038935,Brenton Strange,JAX,CLE,TE,2026,1,1,8.21583,6.216681,9.38019,15,8.21583,1.0,0.0,8.215829849243164
00-0040736,Mason Taylor,NYJ,TEN,TE,2026,1,0,8.185909,5.3493686,9.397769,16,8.185909,1.0,0.0,8.185909271240234
00-0036040,Juwan Johnson,NO,DET,TE,2026,1,0,8.044425,6.9326067,9.621544,17,8.044425,1.0,0.0,8.044425010681152
00-0034351,Dallas Goedert,PHI,WAS,TE,2026,1,1,7.9233966,6.9762964,9.768994,18,7.9233966,1.0,0.0,7.923396587371826
00-0038996,Tucker Kraft,GB,MIN,TE,2026,1,0,7.5301456,5.223387,10.154062,19,7.5301456,1.0,0.0,7.530145645141602
00-0040584,Gunnar Helm,TEN,NYJ,TE,2026,1,1,7.50536,4.8363853,9.0791235,20,7.50536,1.0,0.0,7.505360126495361
00-0040189,Oronde Gadsden II,LAC,ARI,TE,2026,1,1,7.142531,6.2232046,9.853038,21,7.142531,1.0,0.0,7.142530918121338
00-0033881,Evan Engram,DEN,KC,TE,2026,1,0,6.6536117,4.4332447,7.9073205,22,6.6536117,1.0,0.0,6.653611660003662
00-0039793,AJ Barner,SEA,NE,TE,2026,1,1,6.5444,6.5297723,9.610188,23,6.5444,1.0,0.0,6.544400215148926
00-0038558,Darnell Washington,PIT,ATL,TE,2026,1,1,6.4645457,5.0163484,6.7196445,24,6.4645457,1.0,0.0,6.464545726776123
00-0039065,Sam LaPorta,DET,NO,TE,2026,1,1,6.304261,5.346266,8.437839,25,6.304261,1.0,0.0,6.304261207580566
00-0036244,Colby Parkinson,LA,SF,TE,2026,1,1,6.2498803,5.0559955,7.359994,26,6.2498803,1.0,0.0,6.249880313873291
00-0033357,Taysom Hill,NO,DET,TE,2026,1,0,6.0600953,3.128456,6.665163,27,6.0600953,1.0,0.0,6.060095310211182
00-0031610,Darren Waller,MIA,LV,TE,2026,1,0,6.0560384,4.311966,8.352953,28,6.0560384,1.0,0.0,6.0560383796691895
00-0037005,Tommy Tremble,CAR,CHI,TE,2026,1,1,6.02541,4.344522,7.2072315,29,6.02541,1.0,0.0,6.025410175323486
00-0039066,Michael Mayer,LV,MIA,TE,2026,1,1,5.9671893,4.993875,6.6398854,30,5.9671893,1.0,0.0,5.967189311981201
00-0033858,Jonnu Smith,PIT,ATL,TE,2026,1,1,5.966737,4.5008206,7.697747,31,5.966737,1.0,0.0,5.966736793518066
00-0033110,Tyler Higbee,LA,SF,TE,2026,1,1,5.5961485,4.2300754,7.192355,32,5.5961485,1.0,0.0,5.596148490905762
00-0037112,Jake Tonges,SF,LA,TE,2026,1,0,5.573168,3.976499,6.624303,33,5.573168,1.0,0.0,5.57316780090332
00-0036423,Albert Okwuegbunam,LV,MIA,TE,2026,1,1,5.5387187,4.3232574,7.1566887,34,5.5387187,1.0,0.0,5.5387187004089355
00-0037809,Chig Okonkwo,TEN,NYJ,TE,2026,1,1,5.3042536,4.688365,6.8419194,35,5.3042536,1.0,0.0,5.304253578186035
00-0035689,Dawson Knox,BUF,HOU,TE,2026,1,0,5.2615705,4.0911775,6.5848117,36,5.2615705,1.0,0.0,5.261570453643799
00-0040737,Terrance Ferguson,LA,SF,TE,2026,1,1,5.205397,3.692035,5.8412404,37,5.205397,1.0,0.0,5.205397129058838
00-0038129,Cade Otton,TB,CIN,TE,2026,1,0,5.130444,4.5737095,7.18291,38,5.130444,1.0,0.0,5.130444049835205
00-0033885,David Njoku,CLE,JAX,TE,2026,1,0,5.0641108,3.9034107,6.574516,39,5.0641108,1.0,0.0,5.06411075592041
00-0037838,Isaiah Likely,BAL,IND,TE,2026,1,0,4.8942814,4.169387,5.40904,40,4.8942814,1.0,0.0,4.894281387329102
00-0035644,Noah Fant,CIN,TB,TE,2026,1,1,4.867181,4.072554,5.622663,41,4.867181,1.0,0.0,4.867180824279785
00-0039356,Ja'Tavion Sanders,CAR,CHI,TE,2026,1,1,4.835793,3.88838,5.68224,42,4.835793,1.0,0.0,4.8357930183410645
00-0036894,Pat Freiermuth,PIT,ATL,TE,2026,1,1,4.760094,4.153152,6.0602646,43,4.760094,1.0,0.0,4.760094165802002
00-0034829,Mike Gesicki,CIN,TB,TE,2026,1,1,4.750924,3.738547,5.205974,44,4.750924,1.0,0.0,4.750924110412598
00-0035229,T.J. Hockenson,MIN,GB,TE,2026,1,1,4.740343,3.9651735,5.7146044,45,4.740343,1.0,0.0,4.74034309387207
00-0038115,Daniel Bellinger,NYG,DAL,TE,2026,1,1,4.735889,4.0434203,5.392793,46,4.735889,1.0,0.0,4.735888957977295
00-0040194,Jackson Hawes,BUF,HOU,TE,2026,1,0,4.6730633,3.8909016,5.2309184,47,4.6730633,1.0,0.0,4.673063278198242
00-0037306,John FitzPatrick,GB,MIN,TE,2026,1,0,4.669564,3.1684484,6.702017,48,4.669564,1.0,0.0,4.6695637702941895
00-0036534,Shane Zylstra,DET,NO,TE,2026,1,1,4.631283,3.7122514,5.830775,49,4.631283,1.0,0.0,4.631282806396484
00-0037252,Greg Dulcich,MIA,LV,TE,2026,1,0,4.6242313,4.0392046,5.7984567,50,4.6242313,1.0,0.0,4.624231338500977
00-0034159,Will Dissly,LAC,ARI,TE,2026,1,1,4.5918813,3.4626832,6.3042154,51,4.5918813,1.0,0.0,4.591881275177002
00-0039074,Davis Allen,LA,SF,TE,2026,1,1,4.4791393,4.0197997,5.304784,52,4.4791393,1.0,0.0,4.47913932800293
00-0034753,Mark Andrews,BAL,IND,TE,2026,1,0,4.4254107,3.8002424,5.347597,53,4.4254107,1.0,0.0,4.425410747528076
00-0033217,Mo Alie-Cox,IND,BAL,TE,2026,1,1,4.2863693,2.7283955,4.9406257,54,4.2863693,1.0,0.0,4.286369323730469
00-0039144,Luke Musgrave,GB,MIN,TE,2026,1,0,4.219441,3.6246815,4.763554,55,4.219441,1.0,0.0,4.219440937042236
00-0038456,Travis Vokolek,ARI,LAC,TE,2026,1,0,4.1781287,2.7040424,5.9822392,56,4.1781287,1.0,0.0,4.178128719329834
00-0024243,Marcedes Lewis,DEN,KC,TE,2026,1,0,4.1781287,2.7040424,5.9822392,57,4.1781287,1.0,0.0,4.178128719329834
00-0031484,Chris Manhertz,NYG,DAL,TE,2026,1,1,4.168281,2.9498467,7.3608,58,4.168281,1.0,0.0,4.168281078338623
00-0038394,Will Mallory,IND,BAL,TE,2026,1,1,4.087718,3.0341868,4.521164,59,4.087718,1.0,0.0,4.0877180099487305
00-0036290,Cole Kmet,CHI,CAR,TE,2026,1,0,4.073419,3.205065,4.7909904,60,4.073419,1.0,0.0,4.073419094085693
00-0038720,Julian Hill,MIA,LV,TE,2026,1,0,4.063633,3.5528789,4.8872905,61,4.063633,1.0,0.0,4.063632965087891
00-0037805,Jeremy Ruckert,NYJ,TEN,TE,2026,1,0,4.0510545,3.568882,4.8996344,62,4.0510545,1.0,0.0,4.05105447769165
00-0032392,Austin Hooper,NE,SEA,TE,2026,1,0,4.05096,3.0252893,4.5867167,63,4.05096,1.0,0.0,4.050960063934326
00-0034613,Tanner Hudson,CIN,TB,TE,2026,1,1,4.049977,3.0621672,4.495319,64,4.049977,1.0,0.0,4.049976825714111
00-0035956,Giovanni Ricci,DET,NO,TE,2026,1,1,4.0162873,2.8985476,5.4971395,65,4.0162873,1.0,0.0,4.016287326812744
00-0037015,Sal Cannella,CLE,JAX,TE,2026,1,0,3.9951656,2.5203788,5.939394,66,3.9951656,1.0,0.0,3.9951655864715576
00-0037004,Hunter Long,JAX,CLE,TE,2026,1,1,3.9245918,3.25876,4.493679,67,3.9245918,1.0,0.0,3.9245917797088623
00-0040739,Elijah Arroyo,SEA,NE,TE,2026,1,1,3.9239702,3.316967,4.633711,68,3.9239702,1.0,0.0,3.9239702224731445
00-0036754,Brock Wright,DET,NO,TE,2026,1,1,3.9095812,3.0465903,4.267277,69,3.9095812,1.0,0.0,3.909581184387207
00-0036332,Josiah Deguara,ARI,LAC,TE,2026,1,0,3.9056604,2.2816088,6.456301,70,3.9056604,1.0,0.0,3.905660390853882
00-0034073,Ross Dwelley,DET,NO,TE,2026,1,1,3.890303,2.9465053,5.6725187,71,3.890303,1.0,0.0,3.890302896499634
00-0033439,Pharaoh Brown,ARI,LAC,TE,2026,1,0,3.743176,2.5463328,5.4430127,72,3.743176,1.0,0.0,3.743175983428955
00-0037654,Tucker Fisk,LAC,ARI,TE,2026,1,1,3.7232568,2.818964,5.331656,73,3.7232568,1.0,0.0,3.723256826400757
00-0035249,Josh Oliver,MIN,GB,TE,2026,1,1,3.708708,2.9625988,4.354019,74,3.708708,1.0,0.0,3.7087080478668213
00-0040187,Mitchell Evans,CAR,CHI,TE,2026,1,1,3.6935408,3.091846,4.743826,75,3.6935408,1.0,0.0,3.6935408115386963
00-0038046,Charlie Kolar,BAL,IND,TE,2026,1,0,3.6894834,3.0849044,4.204328,76,3.6894834,1.0,0.0,3.689483404159546
00-0036628,John Bates,WAS,PHI,TE,2026,1,0,3.6801429,2.995852,4.4368186,77,3.6801429,1.0,0.0,3.680142879486084
00-0035631,Drew Sample,CIN,TB,TE,2026,1,1,3.6662238,2.6023273,4.0911903,78,3.6662238,1.0,0.0,3.6662237644195557
00-0036637,Noah Gray,KC,DEN,TE,2026,1,1,3.6189425,3.0727649,4.275877,79,3.6189425,1.0,0.0,3.6189424991607666
00-0039359,Cade Stover,HOU,BUF,TE,2026,1,1,3.539705,2.9607348,4.128302,80,3.539705,1.0,0.0,3.5397050380706787
00-0037282,James Mitchell,CAR,CHI,TE,2026,1,1,3.519282,2.8477564,4.324949,81,3.519282,1.0,0.0,3.519282102584839
00-0039041,Elijah Higgins,ARI,LAC,TE,2026,1,0,3.4868762,2.9507031,4.414581,82,3.4868762,1.0,0.0,3.4868762493133545
00-0037086,Grant Calcaterra,PHI,WAS,TE,2026,1,1,3.4844682,2.766503,4.3505707,83,3.4844682,1.0,0.0,3.4844682216644287
00-0033455,Anthony Firkser,DET,NO,TE,2026,1,1,3.4513867,2.6394594,4.562265,84,3.4513867,1.0,0.0,3.4513866901397705
00-0036887,Luke Farrell,SF,LA,TE,2026,1,0,3.3873904,2.9408736,4.2173514,85,3.3873904,1.0,0.0,3.387390375137329
00-0039754,Devin Culp,TB,CIN,TE,2026,1,0,3.3711033,2.5891323,3.9905427,86,3.3711033,1.0,0.0,3.371103286743164
00-0038783,Nate Adkins,DEN,KC,TE,2026,1,0,3.3551807,2.5853596,3.6299868,87,3.3551807,1.0,0.0,3.3551807403564453
00-0036590,Quintin Morris,JAX,CLE,TE,2026,1,1,3.2515075,2.3071563,3.7993946,88,3.2515075,1.0,0.0,3.251507520675659
00-0039737,Tip Reiman,ARI,LAC,TE,2026,1,0,3.2352111,2.5238006,4.4755197,89,3.2352111,1.0,0.0,3.235211133956909
00-0039458,Brenden Bates,CLE,JAX,TE,2026,1,0,3.2347124,2.439389,3.692758,90,3.2347124,1.0,0.0,3.2347123622894287
00-0034365,Ian Thomas,LV,MIA,TE,2026,1,1,3.233127,2.2993314,3.5129776,91,3.233127,1.0,0.0,3.2331271171569824
00-0039912,Ben Sinnott,WAS,PHI,TE,2026,1,0,3.1972551,2.71407,3.9434862,92,3.1972551,1.0,0.0,3.1972551345825195
00-0038589,Josh Whyle,GB,MIN,TE,2026,1,0,3.1761737,2.5304184,3.5844285,93,3.1761737,1.0,0.0,3.176173686981201
00-0039530,Brevyn Spann-Ford,DAL,NYG,TE,2026,1,0,3.1718452,2.5113585,4.895932,94,3.1718452,1.0,0.0,3.1718451976776123
00-0038809,Ben Sims,MIN,GB,TE,2026,1,1,3.1602564,2.8818712,4.8599334,95,3.1602564,1.0,0.0,3.1602563858032227
00-0040363,Keleki Latu,BUF,HOU,TE,2026,1,0,3.1392415,2.6553395,3.8973694,96,3.1392415,1.0,0.0,3.1392414569854736
00-0037348,Tanner Conner,MIA,LV,TE,2026,1,0,3.1100109,2.459973,3.5051613,97,3.1100109,1.0,0.0,3.110010862350464
00-0038547,Luke Schoonmaker,DAL,NYG,TE,2026,1,0,3.0592923,2.535901,3.6197653,98,3.0592923,1.0,0.0,3.0592923164367676
00-0039631,Cam Grandy,CIN,TB,TE,2026,1,1,3.0131147,2.222197,3.4017494,99,3.0131147,1.0,0.0,3.0131146907806396
00-0039648,David Martin-Robinson,TEN,NYJ,TE,2026,1,1,2.9470687,2.6165721,3.9568682,100,2.9470687,1.0,0.0,2.947068691253662
00-0036422,Adam Trautman,DEN,KC,TE,2026,1,0,2.9312851,2.3835351,3.5667472,101,2.9312851,1.0,0.0,2.9312851428985596
00-0033246,Johnny Mundt,JAX,CLE,TE,2026,1,1,2.920436,2.0136623,3.6489956,102,2.920436,1.0,0.0,2.920435905456543
00-0036741,Jack Stoll,NO,DET,TE,2026,1,0,2.862743,2.2571595,3.2498162,103,2.862743,1.0,0.0,2.8627429008483887
00-0039686,Colson Yankoff,WAS,PHI,TE,2026,1,0,2.848597,2.1318984,3.2725418,104,2.848597,1.0,0.0,2.8485970497131348
00-0038498,E.J. Jenkins,PHI,WAS,TE,2026,1,1,2.8313873,2.0637007,3.2046726,105,2.8313873,1.0,0.0,2.8313872814178467
00-0037277,Teagan Quitoriano,ATL,PIT,TE,2026,1,0,2.826356,2.136267,3.4888856,106,2.826356,1.0,0.0,2.8263559341430664
00-0033757,Robert Tonyan,KC,DEN,TE,2026,1,1,2.818583,1.8749418,3.6407964,107,2.818583,1.0,0.0,2.8185830116271973
00-0037539,Lucas Krull,DEN,KC,TE,2026,1,0,2.811946,2.2659543,3.387682,108,2.811946,1.0,0.0,2.811945915222168
00-0039824,Jared Wiley,KC,DEN,TE,2026,1,1,2.8043015,2.1305175,3.184466,109,2.8043015,1.0,0.0,2.8043015003204346
00-0040244,Moliki Matavao,NO,DET,TE,2026,1,0,2.80066,2.668795,3.6380138,110,2.80066,1.0,0.0,2.8006598949432373
00-0038735,Princeton Fant,DAL,NYG,TE,2026,1,0,2.7894483,2.0180163,3.1064835,111,2.7894483,1.0,0.0,2.7894482612609863
00-0039305,Jack Westover,NE,SEA,TE,2026,1,0,2.7858622,1.767412,3.0972888,112,2.7858622,1.0,0.0,2.7858622074127197
00-0034270,Tyler Conklin,LAC,ARI,TE,2026,1,1,2.7447555,2.2837486,3.792403,113,2.7447555,1.0,0.0,2.744755506515503
00-0037475,Stone Smartt,NYJ,TEN,TE,2026,1,0,2.7138197,2.1860325,2.944129,114,2.7138197,1.0,0.0,2.713819742202759
00-0036429,Charlie Woerner,ATL,PIT,TE,2026,1,0,2.679179,1.9326158,3.2243626,115,2.679179,1.0,0.0,2.6791789531707764
00-0039489,Hayden Rucci,MIA,LV,TE,2026,1,0,2.6631196,2.0741582,3.3920624,116,2.6631196,1.0,0.0,2.6631195545196533
00-0038564,Cameron Latu,PHI,WAS,TE,2026,1,1,2.4934266,2.1868725,3.2798154,117,2.4934266,1.0,0.0,2.493426561355591
00-0038590,Justin Shorter,LV,MIA,TE,2026,1,1,2.4911249,2.0408213,3.2112384,118,2.4911249,1.0,0.0,2.4911248683929443
00-0034981,Foster Moreau,NO,DET,TE,2026,1,0,2.4534104,1.7617596,2.9154673,119,2.4534104,1.0,0.0,2.4534103870391846
00-0040225,Thomas Fidone II,NYG,DAL,TE,2026,1,1,2.4205577,1.9926673,3.2307107,120,2.4205577,1.0,0.0,2.420557737350464
00-0037755,Jelani Woods,NYJ,TEN,TE,2026,1,0,2.390248,1.8039792,2.8729167,121,2.390248,1.0,0.0,2.3902480602264404
00-0037311,Ko Kieft,TB,CIN,TE,2026,1,0,2.3861256,1.9149846,3.1729271,122,2.3861256,1.0,0.0,2.3861255645751953
00-0040488,Carter Runyon,LV,MIA,TE,2026,1,1,2.381196,1.9710547,3.310628,123,2.381196,1.0,0.0,2.3811960220336914
00-0033576,Eric Saubert,SEA,NE,TE,2026,1,1,2.3652997,1.7588469,3.1838143,124,2.3652997,1.0,0.0,2.365299701690674
00-0039050,Payne Durham,TB,CIN,TE,2026,1,0,2.3646395,1.8997039,2.6602273,125,2.3646395,1.0,0.0,2.3646395206451416
00-0037340,Zaire Mitchell-Paden,NO,DET,TE,2026,1,0,2.350231,2.015028,3.2642543,126,2.350231,1.0,0.0,2.3502309322357178
00-0040058,Nick Kallerup,SEA,NE,TE,2026,1,1,2.3287466,1.6307917,2.8755329,127,2.3287466,1.0,0.0,2.3287465572357178
00-0038710,Blake Whiteheart,CLE,JAX,TE,2026,1,0,2.319506,1.9744326,2.8937347,128,2.319506,1.0,0.0,2.3195059299468994
00-0036825,Feleipe Franks,ATL,PIT,TE,2026,1,0,2.2273383,1.6891546,3.3007114,129,2.2273383,1.0,0.0,2.2273383140563965
00-0040628,Drake Dabney,GB,MIN,TE,2026,1,0,2.2089696,2.178577,3.2010376,130,2.2089696,1.0,0.0,2.2089695930480957
00-0038643,Brayden Willis,SF,LA,TE,2026,1,0,2.205296,1.7488393,2.621179,131,2.205296,1.0,0.0,2.205296039581299
00-0037292,Andrew Ogletree,IND,BAL,TE,2026,1,1,2.149806,1.9504162,2.8331275,132,2.149806,1.0,0.0,2.149806022644043
00-0036232,Harrison Bryant,HOU,BUF,TE,2026,1,1,2.0423768,1.5640966,2.5591128,133,2.0423768,1.0,0.0,2.042376756668091
00-0036876,Kylen Granson,PHI,WAS,TE,2026,1,1,2.0191236,1.9632938,3.1081338,134,2.0191236,1.0,0.0,2.0191235542297363
00-0040509,Ben Yurosek,MIN,GB,TE,2026,1,1,2.0078592,1.6341494,2.647906,135,2.0078592,1.0,0.0,2.007859230041504
00-0037031,Nikola Kalinic,CHI,CAR,TE,2026,1,0,1.8535198,1.5124695,2.9486258,136,1.8535198,1.0,0.0,1.8535197973251343
00-0034798,Durham Smythe,CHI,CAR,TE,2026,1,0,1.5660107,1.2388909,2.2747693,137,1.5660107,1.0,0.0,1.5660107135772705
00-0038543,Jaxon Smith-Njigba,SEA,NE,WR,2026,1,1,22.252531,15.468179,23.503794,1,22.252531,1.0,0.0,22.252531051635742
00-0036963,Amon-Ra St. Brown,DET,NO,WR,2026,1,1,22.054325,16.580107,23.585358,2,22.054325,1.0,0.0,22.054325103759766
00-0037247,George Pickens,DAL,NYG,WR,2026,1,0,18.363426,15.407583,19.261702,3,18.363426,1.0,0.0,18.363426208496094
00-0036900,Ja'Marr Chase,CIN,TB,WR,2026,1,1,17.490799,14.705653,19.968025,4,17.490799,1.0,0.0,17.490798950195312
00-0037238,Drake London,ATL,PIT,WR,2026,1,0,16.518991,14.258593,18.613081,5,16.518991,1.0,0.0,16.518991470336914
00-0037239,Chris Olave,NO,DET,WR,2026,1,0,15.909834,14.282867,16.944233,6,15.909834,1.0,0.0,15.909833908081055
00-0031381,Davante Adams,LA,SF,WR,2026,1,1,15.762352,13.48517,17.340223,7,15.762352,1.0,0.0,15.762351989746094
00-0035676,A.J. Brown,PHI,WAS,WR,2026,1,1,15.1939,13.829794,16.288383,8,15.1939,1.0,0.0,15.193900108337402
00-0035719,Deebo Samuel Sr.,WAS,PHI,WR,2026,1,0,15.07157,13.559625,18.971046,9,15.07157,1.0,0.0,15.07157039642334
00-0038117,Wan'Dale Robinson,NYG,DAL,WR,2026,1,1,14.806174,13.131523,15.573866,10,14.806174,1.0,0.0,14.806174278259277
00-0039075,Puka Nacua,LA,SF,WR,2026,1,1,14.764007,11.35145,19.769207,11,14.764007,1.0,0.0,14.764006614685059
00-0036410,Tee Higgins,CIN,TB,WR,2026,1,1,14.721278,12.939836,16.284243,12,14.721278,1.0,0.0,14.721278190612793
00-0031588,Stefon Diggs,NE,SEA,WR,2026,1,0,14.480855,13.020305,18.696224,13,14.480855,1.0,0.0,14.480854988098145
00-0038124,Christian Watson,GB,MIN,WR,2026,1,0,14.228167,11.810528,14.601305,14,14.228167,1.0,0.0,14.228166580200195
00-0036554,Nico Collins,HOU,BUF,WR,2026,1,1,14.054913,12.723293,15.222342,15,14.054913,1.0,0.0,14.054912567138672
00-0039064,Zay Flowers,BAL,IND,WR,2026,1,0,13.943811,12.70654,15.7458,16,13.943811,1.0,0.0,13.943811416625977
00-0038544,Quentin Johnston,LAC,ARI,WR,2026,1,1,13.71487,11.801235,14.314975,17,13.71487,1.0,0.0,13.71487045288086
00-0040129,Emeka Egbuka,TB,CIN,WR,2026,1,0,13.253348,11.222157,14.669055,18,13.253348,1.0,0.0,13.253348350524902
00-0036322,Justin Jefferson,MIN,GB,WR,2026,1,1,13.132548,11.568872,14.5644045,19,13.132548,1.0,0.0,13.132548332214355
00-0037240,Jameson Williams,DET,NO,WR,2026,1,1,13.094269,11.349795,13.847395,20,13.094269,1.0,0.0,13.094268798828125
00-0040124,Tetairoa McMillan,CAR,CHI,WR,2026,1,1,13.05363,11.774485,14.534328,21,13.05363,1.0,0.0,13.053629875183105
00-0037664,Alec Pierce,IND,BAL,WR,2026,1,1,13.036994,11.453568,14.107658,22,13.036994,1.0,0.0,13.036993980407715
00-0030279,Keenan Allen,LAC,ARI,WR,2026,1,1,12.8890295,10.525242,15.094717,23,12.8890295,1.0,0.0,12.889029502868652
00-0036358,CeeDee Lamb,DAL,NYG,WR,2026,1,0,12.883395,11.527327,16.890491,24,12.883395,1.0,0.0,12.883395195007324
00-0039337,Malik Nabers,NYG,DAL,WR,2026,1,1,12.700375,10.4553585,15.286443,25,12.700375,1.0,0.0,12.700374603271484
00-0039919,Rome Odunze,CHI,CAR,WR,2026,1,0,12.699905,10.923353,13.489852,26,12.699905,1.0,0.0,12.699905395507812
00-0039067,Rashee Rice,KC,DEN,WR,2026,1,1,12.620329,10.482523,14.521776,27,12.620329,1.0,0.0,12.620328903198242
00-0038606,Parker Washington,JAX,CLE,WR,2026,1,1,12.558209,10.88159,13.143651,28,12.558209,1.0,0.0,12.558209419250488
00-0036613,Jaylen Waddle,MIA,LV,WR,2026,1,0,12.491161,10.899244,13.085675,29,12.491161,1.0,0.0,12.491161346435547
00-0036912,DeVonta Smith,PHI,WAS,WR,2026,1,1,12.468522,10.564625,12.92583,30,12.468522,1.0,0.0,12.468522071838379
00-0037740,Garrett Wilson,NYJ,TEN,WR,2026,1,0,12.4669695,10.987679,13.625256,31,12.4669695,1.0,0.0,12.46696949005127
00-0035640,DK Metcalf,PIT,ATL,WR,2026,1,1,12.440956,10.315395,12.724988,32,12.440956,1.0,0.0,12.440956115722656
00-0036252,Michael Pittman,IND,BAL,WR,2026,1,1,12.339206,10.174013,13.081027,33,12.339206,1.0,0.0,12.339205741882324
00-0036259,Jauan Jennings,SF,LA,WR,2026,1,0,12.215478,10.781439,13.230322,34,12.215478,1.0,0.0,12.21547794342041
00-0040735,Luther Burden III,CHI,CAR,WR,2026,1,0,11.937255,10.211363,12.48299,35,11.937255,1.0,0.0,11.937254905700684
00-0033040,Tyreek Hill,MIA,LV,WR,2026,1,0,11.922674,11.163276,16.591063,36,11.922674,1.0,0.0,11.922674179077148
00-0038559,Michael Wilson,ARI,LAC,WR,2026,1,0,11.352745,10.209166,13.377339,37,11.352745,1.0,0.0,11.352745056152344
00-0039901,Keon Coleman,BUF,HOU,WR,2026,1,0,11.180475,9.564412,12.885741,38,11.180475,1.0,0.0,11.180475234985352
00-0039868,Troy Franklin,DEN,KC,WR,2026,1,0,10.696899,8.68078,11.307571,39,10.696899,1.0,0.0,10.6968994140625
00-0039915,Ladd McConkey,LAC,ARI,WR,2026,1,1,10.633832,8.040178,11.355663,40,10.633832,1.0,0.0,10.633831977844238
00-0035659,Terry McLaurin,WAS,PHI,WR,2026,1,0,10.482495,8.045167,12.672222,41,10.482495,1.0,0.0,10.482495307922363
00-0034348,Courtland Sutton,DEN,KC,WR,2026,1,0,10.139348,8.685934,12.139681,42,10.139348,1.0,0.0,10.139348030090332
00-0039849,Marvin Harrison Jr.,ARI,LAC,WR,2026,1,0,10.129559,8.686999,10.235543,43,10.129559,1.0,0.0,10.129558563232422
00-0034960,Jakobi Meyers,JAX,CLE,WR,2026,1,1,10.123139,7.8307,11.037186,44,10.123139,1.0,0.0,10.123139381408691
00-0039893,Brian Thomas Jr.,JAX,CLE,WR,2026,1,1,9.997323,8.136359,11.110028,45,9.997323,1.0,0.0,9.997323036193848
00-0038563,Tre Tucker,LV,MIA,WR,2026,1,1,9.107394,7.8986745,9.419779,46,9.107394,1.0,0.0,9.107394218444824
00-0038997,Josh Downs,IND,BAL,WR,2026,1,1,8.93769,7.7104955,9.672576,47,8.93769,1.0,0.0,8.937689781188965
00-0037816,Romeo Doubs,GB,MIN,WR,2026,1,0,8.916154,7.640075,9.943938,48,8.916154,1.0,0.0,8.916153907775879
00-0039894,Xavier Worthy,KC,DEN,WR,2026,1,1,8.883009,7.4433827,10.669261,49,8.883009,1.0,0.0,8.88300895690918
00-0038608,Kayshon Boutte,NE,SEA,WR,2026,1,0,8.872611,7.8227205,9.583527,50,8.872611,1.0,0.0,8.872611045837402
00-0031408,Mike Evans,TB,CIN,WR,2026,1,0,8.787821,6.1707,9.996235,51,8.787821,1.0,0.0,8.787820816040039
00-0037261,Khalil Shakir,BUF,HOU,WR,2026,1,0,8.7838125,7.560613,9.682411,52,8.7838125,1.0,0.0,8.783812522888184
00-0035662,Marquise Brown,KC,DEN,WR,2026,1,1,8.456315,6.913278,9.682817,53,8.456315,1.0,0.0,8.456315040588379
00-0040130,Jayden Higgins,HOU,BUF,WR,2026,1,1,8.393755,6.735387,9.646694,54,8.393755,1.0,0.0,8.393754959106445
00-0034827,DJ Moore,CHI,CAR,WR,2026,1,0,8.389828,7.0920258,9.812588,55,8.389828,1.0,0.0,8.389827728271484
00-0032385,Sterling Shepard,TB,CIN,WR,2026,1,0,8.366152,7.083253,9.781717,56,8.366152,1.0,0.0,8.366151809692383
00-0034983,Hunter Renfrow,CAR,CHI,WR,2026,1,1,8.331577,6.382569,8.823573,57,8.331577,1.0,0.0,8.33157730102539
00-0038994,Jordan Addison,MIN,GB,WR,2026,1,1,8.321041,6.9055443,9.087598,58,8.321041,1.0,0.0,8.321041107177734
00-0037545,Rashid Shaheed,SEA,NE,WR,2026,1,1,7.8004556,6.6755147,9.076697,59,7.8004556,1.0,0.0,7.800455570220947
00-0040311,Theo Wease Jr.,MIA,LV,WR,2026,1,0,7.6040764,6.427194,8.524663,60,7.6040764,1.0,0.0,7.604076385498047
00-0040648,Tory Horton,SEA,NE,WR,2026,1,1,7.5156236,6.271312,8.891452,61,7.5156236,1.0,0.0,7.515623569488525
00-0039491,Jalen Coker,CAR,CHI,WR,2026,1,1,7.3261833,6.101924,7.990394,62,7.3261833,1.0,0.0,7.326183319091797
00-0033891,Zay Jones,ARI,LAC,WR,2026,1,0,7.1826,5.4123235,7.729331,63,7.1826,1.0,0.0,7.182600021362305
00-0040134,Pat Bryant,DEN,KC,WR,2026,1,0,7.160233,5.8875,8.293807,64,7.160233,1.0,0.0,7.160233020782471
00-0033921,Chris Godwin Jr.,TB,CIN,WR,2026,1,0,7.0684915,5.527581,8.4655285,65,7.0684915,1.0,0.0,7.068491458892822
00-0039916,Ricky Pearsall,SF,LA,WR,2026,1,0,7.059494,6.1936216,8.077204,66,7.059494,1.0,0.0,7.0594940185546875
00-0039410,Ryan Flournoy,DAL,NYG,WR,2026,1,0,7.0251293,5.6368113,7.7610955,67,7.0251293,1.0,0.0,7.025129318237305
00-0036196,Gabe Davis,BUF,HOU,WR,2026,1,0,7.0192213,5.343953,7.801789,68,7.0192213,1.0,0.0,7.019221305847168
00-0039890,Adonai Mitchell,NYJ,TEN,WR,2026,1,0,6.8762903,5.6291265,8.258027,69,6.8762903,1.0,0.0,6.876290321350098
00-0033555,Mack Hollins,NE,SEA,WR,2026,1,0,6.7995973,5.7660046,7.8176274,70,6.7995973,1.0,0.0,6.799597263336182
00-0036407,Jerry Jeudy,CLE,JAX,WR,2026,1,0,6.737863,5.500163,7.0574865,71,6.737863,1.0,0.0,6.737863063812256
00-0033943,Josh Reynolds,NYJ,TEN,WR,2026,1,0,6.72339,4.9616265,7.645308,72,6.72339,1.0,0.0,6.723390102386475
00-0037614,John Metchie III,NYJ,TEN,WR,2026,1,0,6.695745,5.112638,7.0001564,73,6.695745,1.0,0.0,6.69574499130249
00-0031236,Brandin Cooks,BUF,HOU,WR,2026,1,0,6.5855594,5.263926,8.187586,74,6.5855594,1.0,0.0,6.585559368133545
00-0040170,Elic Ayomanor,TEN,NYJ,WR,2026,1,1,6.5354404,5.8767014,8.095816,75,6.5354404,1.0,0.0,6.535440444946289
00-0033307,Kendrick Bourne,SF,LA,WR,2026,1,0,6.5002594,4.4582753,6.01533,76,6.5002594,1.0,0.0,6.5002593994140625
00-0039146,Jayden Reed,GB,MIN,WR,2026,1,0,6.448028,5.8734074,7.6232867,77,6.448028,1.0,0.0,6.448028087615967
00-0036309,Darnell Mooney,ATL,PIT,WR,2026,1,0,6.3584857,4.824026,6.6463842,78,6.3584857,1.0,0.0,6.358485698699951
00-0032211,Tyler Lockett,LV,MIA,WR,2026,1,1,6.3537965,4.6970973,8.231501,79,6.3537965,1.0,0.0,6.353796482086182
00-0030564,DeAndre Hopkins,BAL,IND,WR,2026,1,0,6.2566276,4.857803,7.8831406,80,6.2566276,1.0,0.0,6.256627559661865
00-0032398,Chris Moore,WAS,PHI,WR,2026,1,0,6.1492705,4.996113,7.699319,81,6.1492705,1.0,0.0,6.149270534515381
00-0033591,Noah Brown,WAS,PHI,WR,2026,1,0,6.0998864,4.4809504,7.3326955,82,6.0998864,1.0,0.0,6.099886417388916
00-0038619,Andrei Iosivas,CIN,TB,WR,2026,1,1,5.933319,5.048597,6.501005,83,5.933319,1.0,0.0,5.933319091796875
00-0037837,Calvin Austin III,PIT,ATL,WR,2026,1,1,5.908817,5.237785,6.604603,84,5.908817,1.0,0.0,5.908816814422607
00-0038104,Tyquan Thornton,KC,DEN,WR,2026,1,1,5.905555,5.1057677,6.5923038,85,5.905555,1.0,0.0,5.90555477142334
00-0040669,Isaac TeSlaa,DET,NO,WR,2026,1,1,5.8878584,5.0490713,6.5815477,86,5.8878584,1.0,0.0,5.8878583908081055
00-0037801,KaVontae Turpin,DAL,NYG,WR,2026,1,0,5.8664966,5.148414,6.777017,87,5.8664966,1.0,0.0,5.866496562957764
00-0040705,Chimere Dike,TEN,NYJ,WR,2026,1,1,5.83861,4.4834437,7.169889,88,5.83861,1.0,0.0,5.8386101722717285
00-0037231,Kevin Austin Jr.,NO,DET,WR,2026,1,0,5.80345,4.64382,6.0720663,89,5.80345,1.0,0.0,5.803450107574463
00-0032688,Robbie Chosen,WAS,PHI,WR,2026,1,0,5.8029876,4.7566333,7.1394815,90,5.8029876,1.0,0.0,5.802987575531006
00-0033282,Curtis Samuel,BUF,HOU,WR,2026,1,0,5.785339,4.5574694,7.141361,91,5.785339,1.0,0.0,5.785338878631592
00-0039342,Xavier Legette,CAR,CHI,WR,2026,1,1,5.76316,5.288653,6.624892,92,5.76316,1.0,0.0,5.763160228729248
00-0040667,Matthew Golden,GB,MIN,WR,2026,1,0,5.7388544,5.000783,6.824929,93,5.7388544,1.0,0.0,5.73885440826416
00-0040237,Tez Johnson,TB,CIN,WR,2026,1,0,5.692102,5.0257826,7.125146,94,5.692102,1.0,0.0,5.692101955413818
00-0038393,Dontayvion Wicks,GB,MIN,WR,2026,1,0,5.6361136,5.193186,6.582506,95,5.6361136,1.0,0.0,5.63611364364624
00-0038621,DeMario Douglas,NE,SEA,WR,2026,1,0,5.5839376,5.217485,6.5757027,96,5.5839376,1.0,0.0,5.583937644958496
00-0034407,Ray-Ray McCloud,NYG,DAL,WR,2026,1,1,5.5665817,3.7628448,6.2646284,97,5.5665817,1.0,0.0,5.566581726074219
00-0035500,Greg Dortch,ARI,LAC,WR,2026,1,0,5.5396533,4.6786995,6.064094,98,5.5396533,1.0,0.0,5.539653301239014
00-0037524,Tay Martin,WAS,PHI,WR,2026,1,0,5.521543,4.4815693,6.492028,99,5.521543,1.0,0.0,5.521543025970459
00-0037291,Jalen Nailor,MIN,GB,WR,2026,1,1,5.5104227,4.973453,6.541157,100,5.5104227,1.0,0.0,5.510422706604004
00-0034837,Calvin Ridley,TEN,NYJ,WR,2026,1,1,5.4946113,4.045468,6.6135063,101,5.4946113,1.0,0.0,5.4946112632751465
00-0035208,Olamide Zaccheaus,CHI,CAR,WR,2026,1,0,5.466748,4.813315,6.168396,102,5.466748,1.0,0.0,5.466748237609863
00-0039355,Luke McCaffrey,WAS,PHI,WR,2026,1,0,5.459226,4.556155,6.034156,103,5.459226,1.0,0.0,5.459226131439209
00-0034521,Allen Lazard,NYJ,TEN,WR,2026,1,0,5.4437413,4.360581,6.509642,104,5.4437413,1.0,0.0,5.443741321563721
00-0035535,Darius Slayton,NYG,DAL,WR,2026,1,1,5.4313393,4.6720343,5.839589,105,5.4313393,1.0,0.0,5.431339263916016
00-0038618,Xavier Hutchinson,HOU,BUF,WR,2026,1,1,5.4014587,5.015633,6.4461427,106,5.4014587,1.0,0.0,5.401458740234375
00-0034775,Christian Kirk,HOU,BUF,WR,2026,1,1,5.3526096,4.3502574,6.279374,107,5.3526096,1.0,0.0,5.352609634399414
00-0039880,Malik Washington,MIA,LV,WR,2026,1,0,5.346597,4.677161,6.4449577,108,5.346597,1.0,0.0,5.346597194671631
00-0039855,Jalen McMillan,TB,CIN,WR,2026,1,0,5.3244505,4.274484,6.415208,109,5.3244505,1.0,0.0,5.324450492858887
00-0038976,Marvin Mims Jr.,DEN,KC,WR,2026,1,0,5.298825,4.938488,6.5322876,110,5.298825,1.0,0.0,5.298824787139893
00-0036133,James Proche,TEN,NYJ,WR,2026,1,1,5.277121,3.6635718,6.1754365,111,5.277121,1.0,0.0,5.277121067047119
00-0040782,Isaiah Bond,CLE,JAX,WR,2026,1,0,5.254583,5.03833,6.8830585,112,5.254583,1.0,0.0,5.25458288192749
00-0034860,Dante Pettis,NO,DET,WR,2026,1,0,5.1923656,4.188633,6.4647403,113,5.1923656,1.0,0.0,5.192365646362305
00-0036988,Josh Palmer,BUF,HOU,WR,2026,1,0,5.163927,4.8567348,6.043355,114,5.163927,1.0,0.0,5.16392707824707
00-0036415,Van Jefferson,TEN,NYJ,WR,2026,1,1,5.1518855,4.1755123,5.8609815,115,5.1518855,1.0,0.0,5.151885509490967
00-0038465,Malik Heath,GB,MIN,WR,2026,1,0,5.1323724,3.7061138,6.258895,116,5.1323724,1.0,0.0,5.1323723793029785
00-0033908,Cooper Kupp,SEA,NE,WR,2026,1,1,5.0933976,4.365091,5.814695,117,5.0933976,1.0,0.0,5.093397617340088
00-0032775,Demarcus Robinson,SF,LA,WR,2026,1,0,5.083041,3.8858309,6.1763515,118,5.083041,1.0,0.0,5.083041191101074
00-0039424,Devaughn Vele,NO,DET,WR,2026,1,0,4.993672,3.7411146,5.3621764,119,4.993672,1.0,0.0,4.993671894073486
00-0035359,David Sills,ATL,PIT,WR,2026,1,0,4.9899592,4.058319,6.3687506,120,4.9899592,1.0,0.0,4.989959239959717
00-0037741,Jahan Dotson,PHI,WAS,WR,2026,1,1,4.9864774,4.2307324,5.362748,121,4.9864774,1.0,0.0,4.986477375030518
00-0036626,Dyami Brown,JAX,CLE,WR,2026,1,1,4.9556937,4.649497,5.750713,122,4.9556937,1.0,0.0,4.95569372177124
00-0038979,Cedric Tillman,CLE,JAX,WR,2026,1,0,4.870371,4.4525847,5.906115,123,4.870371,1.0,0.0,4.870370864868164
00-0036527,DJ Turner,LV,MIA,WR,2026,1,1,4.8174496,3.8034115,5.987237,124,4.8174496,1.0,0.0,4.817449569702148
00-0036550,Rashod Bateman,BAL,IND,WR,2026,1,0,4.8169007,4.501892,5.640715,125,4.8169007,1.0,0.0,4.816900730133057
00-0038891,Shedrick Jackson,LV,MIA,WR,2026,1,1,4.8142095,4.046149,5.5115914,126,4.8142095,1.0,0.0,4.814209461212158
00-0038740,Jalen Moreno-Cropper,DAL,NYG,WR,2026,1,0,4.8067336,3.766894,6.059542,127,4.8067336,1.0,0.0,4.80673360824585
00-0034054,River Cracraft,WAS,PHI,WR,2026,1,0,4.8067336,3.766894,6.059542,128,4.8067336,1.0,0.0,4.80673360824585
00-0037380,Kaden Davis,CLE,JAX,WR,2026,1,0,4.8057036,3.7923079,6.089652,129,4.8057036,1.0,0.0,4.805703639984131
00-0034928,Steven Sims,ARI,LAC,WR,2026,1,0,4.743166,3.7332835,5.8682795,130,4.743166,1.0,0.0,4.743165969848633
00-0039451,Isaiah Williams,NYJ,TEN,WR,2026,1,0,4.638843,4.510672,5.597756,131,4.638843,1.0,0.0,4.638843059539795
00-0037666,Jalen Tolbert,DAL,NYG,WR,2026,1,0,4.6147676,4.440431,5.422001,132,4.6147676,1.0,0.0,4.614767551422119
00-0032464,Kalif Raymond,DET,NO,WR,2026,1,1,4.586322,3.6493492,5.181103,133,4.586322,1.0,0.0,4.586321830749512
00-0040729,Jack Bech,LV,MIA,WR,2026,1,1,4.5751863,4.390322,5.8835936,134,4.5751863,1.0,0.0,4.575186252593994
00-0031763,DeAndre Carter,CLE,JAX,WR,2026,1,0,4.564626,3.535591,5.7797546,135,4.564626,1.0,0.0,4.564626216888428
00-0038679,Tyrell Shavers,BUF,HOU,WR,2026,1,0,4.550058,4.520695,5.7452583,136,4.550058,1.0,0.0,4.550057888031006
00-0036849,Tutu Atwell,LA,SF,WR,2026,1,1,4.5227623,4.2089515,5.42891,137,4.5227623,1.0,0.0,4.522762298583984
00-0033375,Tim Patrick,JAX,CLE,WR,2026,1,1,4.5189586,3.5578613,5.2793937,138,4.5189586,1.0,0.0,4.518958568572998
00-0036980,Elijah Moore,BUF,HOU,WR,2026,1,0,4.493512,4.046206,5.110378,139,4.493512,1.0,0.0,4.493512153625488
00-0038728,Jared Wayne,HOU,BUF,WR,2026,1,1,4.4921327,4.470901,5.529456,140,4.4921327,1.0,0.0,4.492132663726807
00-0039739,Roman Wilson,PIT,ATL,WR,2026,1,1,4.469079,3.958152,4.9069524,141,4.469079,1.0,0.0,4.46907901763916
00-0037742,Treylon Burks,WAS,PHI,WR,2026,1,0,4.4504704,4.059628,5.1121597,142,4.4504704,1.0,0.0,4.450470447540283
00-0034272,Marquez Valdes-Scantling,PIT,ATL,WR,2026,1,1,4.441013,3.4170032,5.249575,143,4.441013,1.0,0.0,4.441012859344482
00-0033572,Jamal Agnew,ATL,PIT,WR,2026,1,0,4.421187,3.9676828,5.962329,144,4.421187,1.0,0.0,4.421186923980713
00-0034854,KhaDarel Hodge,ATL,PIT,WR,2026,1,0,4.4098735,3.337008,5.4562044,145,4.4098735,1.0,0.0,4.4098734855651855
00-0037487,Deven Thompkins,ATL,PIT,WR,2026,1,0,4.4098735,3.3427505,5.475377,146,4.4098735,1.0,0.0,4.4098734855651855
00-0035876,Andre Baccellia,ARI,LAC,WR,2026,1,0,4.4098735,3.453205,5.4946976,147,4.4098735,1.0,0.0,4.4098734855651855
00-0040131,Kyle Williams,NE,SEA,WR,2026,1,0,4.369691,4.1840696,5.712471,148,4.369691,1.0,0.0,4.369690895080566
00-0030035,Adam Thielen,PIT,ATL,WR,2026,1,1,4.3534546,3.6027942,5.4959183,149,4.3534546,1.0,0.0,4.35345458984375
00-0035891,Cody White,SEA,NE,WR,2026,1,1,4.3224545,3.1026917,4.667812,150,4.3224545,1.0,0.0,4.322454452514648
00-0038647,Ronnie Bell,NO,DET,WR,2026,1,0,4.3182163,4.0317144,5.0549,151,4.3182163,1.0,0.0,4.318216323852539
00-0035602,Alex Bachman,LV,MIA,WR,2026,1,1,4.297082,3.6774437,5.769039,152,4.297082,1.0,0.0,4.29708194732666
00-0037091,Bo Melton,GB,MIN,WR,2026,1,0,4.286238,3.4355288,5.173781,153,4.286238,1.0,0.0,4.286238193511963
00-0040727,Tre Harris,LAC,ARI,WR,2026,1,1,4.268456,4.050498,5.2783985,154,4.268456,1.0,0.0,4.268455982208252
00-0035406,Lil'Jordan Humphrey,DEN,KC,WR,2026,1,0,4.2668757,3.7209702,4.9910245,155,4.2668757,1.0,0.0,4.266875743865967
00-0036620,Dee Eskridge,MIA,LV,WR,2026,1,0,4.2664337,3.9260964,5.755457,156,4.2664337,1.0,0.0,4.2664337158203125
00-0036165,Isaiah Hodgins,NYG,DAL,WR,2026,1,1,4.223802,3.8245902,4.839042,157,4.223802,1.0,0.0,4.223802089691162
00-0040590,Konata Mumpfield,LA,SF,WR,2026,1,1,4.2191887,3.730885,5.1845512,158,4.2191887,1.0,0.0,4.219188690185547
00-0038839,Mitchell Tinsley,CIN,TB,WR,2026,1,1,4.2013516,3.8737507,5.0547495,159,4.2013516,1.0,0.0,4.201351642608643
00-0040277,Jahdae Walker,CHI,CAR,WR,2026,1,0,4.179085,3.8003361,4.9101934,160,4.179085,1.0,0.0,4.179084777832031
00-0040581,Dont'e Thornton Jr.,LV,MIA,WR,2026,1,1,4.161056,3.908297,5.345352,161,4.161056,1.0,0.0,4.161056041717529
00-0039792,Devontez Walker,BAL,IND,WR,2026,1,0,4.137965,3.926413,5.0113506,162,4.137965,1.0,0.0,4.137965202331543
00-0040164,Jaylin Lane,WAS,PHI,WR,2026,1,0,4.1208816,3.9079745,4.9931774,163,4.1208816,1.0,0.0,4.1208815574646
00-0036427,Tyler Johnson,NYJ,TEN,WR,2026,1,0,4.1116385,3.7540312,4.703681,164,4.1116385,1.0,0.0,4.11163854598999
00-0040138,Jaylin Noel,HOU,BUF,WR,2026,1,1,4.107812,3.7899477,5.370075,165,4.107812,1.0,0.0,4.10781192779541
00-0040388,Jakobie Keeney-James,GB,MIN,WR,2026,1,0,4.0484705,3.9591763,5.024873,166,4.0484705,1.0,0.0,4.048470497131348
00-0033857,JuJu Smith-Schuster,KC,DEN,WR,2026,1,1,4.0307646,3.565663,5.1454415,167,4.0307646,1.0,0.0,4.030764579772949
00-0040406,Quentin Skinner,NYJ,TEN,WR,2026,1,0,4.008326,3.6434507,4.740261,168,4.008326,1.0,0.0,4.008326053619385
00-0040218,Jimmy Horn Jr.,CAR,CHI,WR,2026,1,1,3.9809685,3.6132345,4.880749,169,3.9809685,1.0,0.0,3.980968475341797
00-0036959,Michael Bandy,DEN,KC,WR,2026,1,0,3.9332495,3.4700236,4.3270817,170,3.9332495,1.0,0.0,3.9332494735717773
00-0039920,Malachi Corley,CLE,JAX,WR,2026,1,0,3.9129918,3.615448,4.8202944,171,3.9129918,1.0,0.0,3.912991762161255
00-0040317,Jacoby Jones,WAS,PHI,WR,2026,1,0,3.9068696,3.7947764,4.9212174,172,3.9068696,1.0,0.0,3.906869649887085
00-0036630,Tylan Wallace,BAL,IND,WR,2026,1,0,3.8904612,3.1908147,4.5104566,173,3.8904612,1.0,0.0,3.8904612064361572
00-0035645,Gunner Olszewski,NYG,DAL,WR,2026,1,1,3.8576837,2.8945687,4.235155,174,3.8576837,1.0,0.0,3.8576836585998535
00-0039751,Jordan Whittington,LA,SF,WR,2026,1,1,3.8093019,3.682614,4.970821,175,3.8093019,1.0,0.0,3.8093018531799316
00-0040522,Xavier Restrepo,TEN,NYJ,WR,2026,1,1,3.7370794,3.5050812,4.556441,176,3.7370794,1.0,0.0,3.737079381942749
00-0033589,David Moore,CAR,CHI,WR,2026,1,1,3.7267087,2.6590254,4.876453,177,3.7267087,1.0,0.0,3.7267086505889893
00-0039394,Casey Washington,ATL,PIT,WR,2026,1,0,3.7128932,3.4406116,4.6695075,178,3.7128932,1.0,0.0,3.71289324760437
00-0039623,Mason Tipton,NO,DET,WR,2026,1,0,3.6908739,3.4181495,4.510603,179,3.6908739,1.0,0.0,3.690873861312866
00-0035298,Scott Miller,PIT,ATL,WR,2026,1,1,3.68717,3.360804,4.404351,180,3.68717,1.0,0.0,3.6871700286865234
00-0039379,Jamari Thrash,CLE,JAX,WR,2026,1,0,3.6855404,3.449419,4.416051,181,3.6855404,1.0,0.0,3.6855404376983643
00-0038359,Xavier Smith,LA,SF,WR,2026,1,1,3.6318572,3.1572793,4.557946,182,3.6318572,1.0,0.0,3.63185715675354
00-0039884,Tahj Washington,MIA,LV,WR,2026,1,0,3.629702,3.3880298,4.371096,183,3.629702,1.0,0.0,3.629702091217041
00-0040172,Jordan Watkins,SF,LA,WR,2026,1,0,3.618844,3.1713529,4.495549,184,3.618844,1.0,0.0,3.6188440322875977
00-0040009,Savion Williams,GB,MIN,WR,2026,1,0,3.5948913,3.362376,4.252975,185,3.5948913,1.0,0.0,3.594891309738159
00-0039521,Xavier Weaver,ARI,LAC,WR,2026,1,0,3.5620232,2.9051595,4.3664145,186,3.5620232,1.0,0.0,3.562023162841797
00-0035639,Parris Campbell,DAL,NYG,WR,2026,1,0,3.546438,3.3706007,5.230621,187,3.546438,1.0,0.0,3.546437978744507
00-0038840,Brycen Tremayne,CAR,CHI,WR,2026,1,1,3.5423896,3.2182758,4.3503666,188,3.5423896,1.0,0.0,3.5423896312713623
00-0035140,Mecole Hardman,BUF,HOU,WR,2026,1,0,3.5411599,3.2557793,4.6673245,189,3.5411599,1.0,0.0,3.5411598682403564
00-0032951,Laquon Treadwell,IND,BAL,WR,2026,1,1,3.514922,2.3312292,4.5980268,190,3.514922,1.0,0.0,3.5149219036102295
00-0040024,Darius Cooper,PHI,WAS,WR,2026,1,1,3.5029025,3.1956205,4.0848284,191,3.5029025,1.0,0.0,3.5029025077819824
00-0036463,Chris Blair,ATL,PIT,WR,2026,1,0,3.4943354,3.2981272,4.6535964,192,3.4943354,1.0,0.0,3.494335412979126
00-0037093,Dareke Young,SEA,NE,WR,2026,1,1,3.4788594,2.838093,4.2081127,193,3.4788594,1.0,0.0,3.4788594245910645
00-0034419,Braxton Berrios,HOU,BUF,WR,2026,1,1,3.4479342,2.5694685,3.9225113,194,3.4479342,1.0,0.0,3.447934150695801
00-0038953,Dylan Drummond,ATL,PIT,WR,2026,1,0,3.3507922,2.822996,4.1248474,195,3.3507922,1.0,0.0,3.350792169570923
00-0038519,Nikko Remigio,KC,DEN,WR,2026,1,1,3.3017666,2.6188262,3.6932065,196,3.3017666,1.0,0.0,3.3017666339874268
00-0040259,Gage Larvadain,CLE,JAX,WR,2026,1,0,3.2999954,2.8887706,4.1976476,197,3.2999954,1.0,0.0,3.2999954223632812
00-0034386,Justin Watson,HOU,BUF,WR,2026,1,1,3.283351,2.4307103,3.8522615,198,3.283351,1.0,0.0,3.283350944519043
00-0040241,Dominic Lovett,DET,NO,WR,2026,1,1,3.2254348,3.1995468,4.305505,199,3.2254348,1.0,0.0,3.2254347801208496
00-0037098,Samori Toure,NO,DET,WR,2026,1,0,3.221675,2.926057,4.6984444,200,3.221675,1.0,0.0,3.221674919128418
00-0040352,Coleman Owen,IND,BAL,WR,2026,1,1,3.208467,2.8529115,3.9482377,201,3.208467,1.0,0.0,3.2084670066833496
00-0038492,Jason Brownlee,KC,DEN,WR,2026,1,1,3.1708863,2.8323915,3.683003,202,3.1708863,1.0,0.0,3.170886278152466
00-0040563,Efton Chism III,NE,SEA,WR,2026,1,0,3.1584814,2.5888648,3.729559,203,3.1584814,1.0,0.0,3.1584813594818115
00-0040431,Dalen Cambre,NYG,DAL,WR,2026,1,1,3.1406355,2.6701732,3.5727146,204,3.1406355,1.0,0.0,3.1406354904174805
00-0040154,Tai Felton,MIN,GB,WR,2026,1,1,3.1245944,2.8417819,3.810103,205,3.1245944,1.0,0.0,3.1245944499969482
00-0035021,Ashton Dulin,IND,BAL,WR,2026,1,1,3.120498,2.702991,3.7250504,206,3.120498,1.0,0.0,3.120497941970825
00-0038640,Jalen Brooks,ARI,LAC,WR,2026,1,0,3.1178734,2.6649454,3.6783192,207,3.1178734,1.0,0.0,3.117873430252075
00-0034867,Malik Turner,SF,LA,WR,2026,1,0,3.1123123,2.718619,4.1053677,208,3.1123123,1.0,0.0,3.1123123168945312
00-0040646,Jalen Royals,KC,DEN,WR,2026,1,1,3.088825,3.0935812,4.103113,209,3.088825,1.0,0.0,3.088824987411499
00-0038573,Derius Davis,LAC,ARI,WR,2026,1,1,3.0807033,2.659096,3.7244155,210,3.0807033,1.0,0.0,3.0807032585144043
00-0038911,Malik Cunningham,DET,NO,WR,2026,1,1,3.0566328,2.8813472,4.13905,211,3.0566328,1.0,0.0,3.0566327571868896
00-0038938,Jalin Hyatt,NYG,DAL,WR,2026,1,1,3.053396,2.601493,3.596962,212,3.053396,1.0,0.0,3.053395986557007
00-0038090,Skyy Moore,SF,LA,WR,2026,1,0,3.0420291,2.4061933,3.647791,213,3.0420291,1.0,0.0,3.0420291423797607
00-0039710,Jeshaun Jones,MIN,GB,WR,2026,1,1,3.0343084,2.9592073,4.0711584,214,3.0343084,1.0,0.0,3.034308433532715
00-0036497,Tim Jones,JAX,CLE,WR,2026,1,1,3.032054,2.6801412,3.9871376,215,3.032054,1.0,0.0,3.0320539474487305
00-0039816,Anthony Gould,IND,BAL,WR,2026,1,1,2.9750543,2.5761917,3.673531,216,2.9750543,1.0,0.0,2.9750542640686035
00-0040629,Dalevon Campbell,CAR,CHI,WR,2026,1,1,2.9703748,2.6445768,3.673409,217,2.9703748,1.0,0.0,2.970374822616577
00-0036182,Nick Westbrook-Ikhine,MIA,LV,WR,2026,1,0,2.955853,2.5010912,3.810955,218,2.955853,1.0,0.0,2.95585298538208
00-0038496,Xavier Gipson,PHI,WAS,WR,2026,1,1,2.9513583,2.442445,3.6317894,219,2.9513583,1.0,0.0,2.9513583183288574
00-0036646,Simi Fehoko,ARI,LAC,WR,2026,1,0,2.9483097,2.563654,3.5687528,220,2.9483097,1.0,0.0,2.9483096599578857
00-0039062,Jonathan Mingo,DAL,NYG,WR,2026,1,0,2.9396124,2.517246,3.4470916,221,2.9396124,1.0,0.0,2.93961238861084
00-0036841,Austin Trammell,JAX,CLE,WR,2026,1,1,2.9069793,2.2992945,3.4542274,222,2.9069793,1.0,0.0,2.9069793224334717
00-0038824,Ryan Miller,TB,CIN,WR,2026,1,0,2.8977396,2.6170576,3.5311232,223,2.8977396,1.0,0.0,2.8977396488189697
00-0039650,Bryce Oliver,TEN,NYJ,WR,2026,1,1,2.8871305,2.720256,3.63441,224,2.8871305,1.0,0.0,2.8871304988861084
00-0040432,Beaux Collins,NYG,DAL,WR,2026,1,1,2.8418112,2.7077127,3.5203776,225,2.8418112,1.0,0.0,2.841811180114746
00-0038576,Charlie Jones,CIN,TB,WR,2026,1,1,2.8399463,2.274507,3.4326215,226,2.8399463,1.0,0.0,2.8399462699890137
00-0040184,KeAndre Lambert-Smith,LAC,ARI,WR,2026,1,1,2.8390746,2.2938492,3.2989686,227,2.8390746,1.0,0.0,2.8390746116638184
00-0040534,Ke'Shawn Williams,CIN,TB,WR,2026,1,1,2.7721791,2.3377655,3.3801577,228,2.7721791,1.0,0.0,2.772179126739502
00-0038752,Jake Bobo,SEA,NE,WR,2026,1,1,2.7489066,2.1909351,3.4859288,229,2.7489066,1.0,0.0,2.7489066123962402
00-0040075,LaJohntay Wester,BAL,IND,WR,2026,1,0,2.7031925,2.3601909,3.650113,230,2.7031925,1.0,0.0,2.7031924724578857
00-0040506,Myles Price,MIN,GB,WR,2026,1,1,2.6880946,2.2238958,3.3428113,231,2.6880946,1.0,0.0,2.6880946159362793
00-0037745,Velus Jones Jr.,SEA,NE,WR,2026,1,1,2.6784582,2.0926607,3.195749,232,2.6784582,1.0,0.0,2.6784582138061523
00-0037132,Britain Covey,PHI,WAS,WR,2026,1,1,2.6784582,2.1186833,3.278912,233,2.6784582,1.0,0.0,2.6784582138061523
00-0034418,Cedrick Wilson Jr.,MIA,LV,WR,2026,1,0,2.6760573,1.9290235,3.005599,234,2.6760573,1.0,0.0,2.6760573387145996
00-0036862,Ben Skowronek,PIT,ATL,WR,2026,1,1,2.62834,2.1204789,3.280675,235,2.62834,1.0,0.0,2.628340005874634
00-0034487,Trent Sherfield,ARI,LAC,WR,2026,1,0,2.6045403,1.9360714,3.0135875,236,2.6045403,1.0,0.0,2.6045403480529785
00-0036176,Mason Kinsey,TEN,NYJ,WR,2026,1,1,2.600666,2.2388353,3.2750494,237,2.600666,1.0,0.0,2.600666046142578
00-0035544,Tom Kennedy,DET,NO,WR,2026,1,1,2.5751264,2.1074142,3.5383193,238,2.5751264,1.0,0.0,2.5751264095306396
00-0036331,Devin Duvernay,CHI,CAR,WR,2026,1,0,2.5671685,2.059485,3.697762,239,2.5671685,1.0,0.0,2.5671684741973877
00-0040582,Arian Smith,NYJ,TEN,WR,2026,1,0,2.5078979,2.268299,3.2191594,240,2.5078979,1.0,0.0,2.5078978538513184
00-0039589,Kameron Johnson,TB,CIN,WR,2026,1,0,2.214764,1.9841452,3.3970168,241,2.214764,1.0,0.0,2.21476411819458
